luxury_score,renovation_index,distress_probability,marketing_hype_ratio,location_premium_inferred
10,3,0.0,0.5,2
1,0,0.0,0.1,0
4,2,0.0,0.05,0
8,2,0.3,0.4,1
7,2,0.0,0.4,2
6,2,0.0,0.45,2
10,2,0.0,0.3,2
8,3,0.0,0.35,2
10,3,0.0,0.35,2
10,3,0.0,0.35,2
9,3,0.0,0.45,2
9,2,0.0,0.65,2
8,2,0.0,0.55,2
8,2,0.0,0.4,2
9,3,0.0,0.45,2
9,3,0.0,0.4,2
7,2,0.0,0.55,2
1,0,0.0,0.05,0
10,3,0.0,0.55,2
9,3,0.0,0.45,1
9,3,0.0,0.75,2
10,3,0.0,0.55,2
7,2,0.0,0.45,1
8,2,0.0,0.65,2
8,2,0.0,0.45,2
5,2,0.3,0.45,2
4,3,0.0,0.05,0
7,2,0.0,0.45,2
9,3,0.0,0.45,0
9,3,0.0,0.3,2
8,3,0.0,0.45,2
5,1,0.0,0.55,2
8,2,0.0,0.45,1
4,2,0.0,0.1,0
4,1,0.0,0.1,0
6,2,0.0,0.45,2
8,2,0.0,0.45,2
9,3,0.0,0.45,2
5,2,0.0,0.45,2
9,3,0.0,0.35,2
5,1,0.0,0.5,0
10,3,0.0,0.35,1
9,3,0.0,0.45,2
4,1,0.0,0.1,0
7,2,0.0,0.55,2
4,1,0.0,0.3,0
4,0,0.7,0.5,1
7,3,0.0,0.55,1
7,2,0.0,0.35,2
10,3,0.0,0.45,2
4,1,0.0,0.05,0
7,1,0.0,0.05,2
9,2,0.0,0.4,2
9,3,0.0,0.45,2
9,3,0.0,0.35,2
8,2,0.0,0.65,2
7,2,0.0,0.35,2
8,2,0.0,0.45,2
7,2,0.0,0.4,2
9,3,0.0,0.65,2
4,1,0.0,0.1,0
8,3,0.0,0.45,2
7,2,0.0,0.45,1
7,2,0.3,0.4,2
7,2,0.0,0.5,2
7,2,0.0,0.55,2
9,3,0.0,0.55,2
4,1,0.0,0.1,0
4,1,0.0,0.05,0
4,2,0.0,0.05,0
8,2,0.0,0.45,2
9,3,0.0,0.55,2
8,3,0.0,0.35,2
9,3,0.0,0.35,2
6,2,0.0,0.35,0
10,3,0.0,0.55,2
7,3,0.0,0.4,2
9,3,0.0,0.65,2
9,2,0.0,0.55,2
7,2,0.0,0.3,2
8,2,0.3,0.6,2
8,2,0.0,0.45,2
9,3,0.0,0.65,2
7,3,0.0,0.35,2
5,2,0.0,0.05,0
7,3,0.0,0.05,2
7,2,0.0,0.05,2
9,3,0.0,0.45,2
7,1,0.0,0.55,2
7,2,0.0,0.45,2
8,2,0.0,0.65,2
8,2,0.0,0.55,2
9,2,0.0,0.55,2
9,3,0.0,0.55,2
8,2,0.0,0.55,2
8,3,0.0,0.45,2
9,3,0.0,0.45,2
9,3,0.0,0.35,2
9,3,0.0,0.65,2
8,2,0.0,0.55,2
8,2,0.0,0.45,2
6,1,0.3,0.35,2
8,2,0.0,0.55,2
7,2,0.0,0.45,2
8,2,0.0,0.45,2
7,2,0.0,0.45,1
8,2,0.0,0.6,2
7,2,0.0,0.55,2
8,2,0.0,0.75,2
7,2,0.0,0.25,1
9,3,0.0,0.55,2
4,1,0.0,0.05,0
8,3,0.0,0.35,2
5,2,0.0,0.4,1
7,3,0.0,0.65,2
8,3,0.0,0.55,1
5,3,0.0,0.05,0
6,2,0.0,0.35,1
8,2,0.0,0.45,2
9,3,0.0,0.35,2
9,3,0.0,0.75,2
9,3,0.0,0.75,2
8,2,0.0,0.5,2
8,3,0.0,0.4,0
7,2,0.0,0.5,2
5,2,0.0,0.05,0
7,2,0.0,0.4,1
8,2,0.0,0.4,2
9,3,0.0,0.45,2
7,2,0.0,0.45,1
8,2,0.0,0.45,2
7,2,0.0,0.45,2
9,3,0.0,0.65,2
6,2,0.0,0.45,1
7,2,0.0,0.25,2
2,0,0.0,0.15,0
8,2,0.0,0.45,2
9,3,0.0,0.35,2
8,3,0.0,0.4,2
8,2,0.0,0.55,2
9,3,0.0,0.45,2
8,3,0.0,0.45,2
5,2,0.0,0.65,2
7,2,0.0,0.35,2
9,3,0.0,0.55,2
9,3,0.0,0.7,2
9,3,0.0,0.45,2
9,3,0.0,0.65,2
7,3,0.0,0.4,1
8,2,0.0,0.5,2
10,3,0.0,0.45,2
7,2,0.0,0.45,2
9,3,0.0,0.35,2
7,2,0.0,0.3,2
8,2,0.0,0.55,2
4,2,0.0,0.15,0
7,2,0.0,0.45,2
3,0,0.0,0.45,1
8,2,0.0,0.4,2
7,2,0.0,0.4,2
1,0,0.0,0.05,0
2,1,0.0,0.05,0
10,3,0.0,0.35,2
7,2,0.0,0.55,2
7,2,0.0,0.35,0
7,2,0.0,0.35,2
7,2,0.0,0.35,2
8,2,0.3,0.5,2
9,3,0.0,0.55,2
10,3,0.0,0.45,2
7,3,0.0,0.05,0
8,2,0.0,0.45,2
7,2,0.0,0.3,2
9,3,0.0,0.45,2
8,3,0.0,0.4,2
4,3,0.0,0.05,0
1,0,0.7,0.1,0
8,3,0.0,0.45,2
5,2,0.0,0.05,0
8,2,0.0,0.45,2
9,3,0.0,0.65,2
8,2,0.0,0.35,2
9,3,0.0,0.55,2
9,3,0.0,0.35,2
9,3,0.0,0.55,2
9,3,0.0,0.35,2
8,3,0.0,0.55,2
10,3,0.0,0.55,2
9,3,0.0,0.35,1
9,3,0.0,0.55,2
9,3,0.0,0.45,2
10,3,0.0,0.45,2
10,3,0.0,0.65,2
9,3,0.0,0.35,0
7,3,0.0,0.35,2
7,2,0.0,0.4,2
7,2,0.0,0.3,2
10,3,0.0,0.45,2
8,2,0.0,0.55,2
9,3,0.0,0.4,2
8,2,0.0,0.5,2
8,2,0.0,0.55,2
9,3,0.0,0.65,2
10,3,0.0,0.55,2
9,2,0.0,0.45,2
8,2,0.0,0.65,2
5,1,0.0,0.35,2
9,3,0.0,0.45,2
7,2,0.0,0.4,2
9,3,0.0,0.55,2
9,3,0.0,0.25,2
7,2,0.0,0.4,2
9,3,0.0,0.55,2
9,3,0.0,0.55,2
4,1,0.0,0.25,0
7,2,0.0,0.55,2
9,3,0.0,0.25,2
5,1,0.0,0.1,0
9,3,0.0,0.45,2
7,2,0.0,0.5,2
7,2,0.0,0.55,2
9,3,0.0,0.55,2
9,3,0.0,0.55,2
9,3,0.3,0.65,2
9,3,0.0,0.45,1
9,2,0.0,0.35,2
9,3,0.0,0.25,2
8,2,0.0,0.55,2
4,1,0.0,0.1,0
4,1,0.0,0.05,0
8,2,0.0,0.55,2
9,2,0.0,0.55,2
8,2,0.0,0.55,2
8,0,0.0,0.4,2
8,2,0.0,0.55,2
7,2,0.0,0.45,2
7,2,0.0,0.55,2
7,2,0.0,0.45,2
8,2,0.0,0.45,2
7,0,0.0,0.5,2
3,0,0.0,0.1,0
6,2,0.0,0.35,2
4,0,0.7,0.45,2
8,2,0.0,0.4,2
8,3,0.7,0.65,2
6,2,0.0,0.45,2
9,3,0.0,0.45,2
7,1,0.0,0.3,2
9,2,0.0,0.55,2
7,2,0.0,0.4,2
7,2,0.0,0.35,2
7,2,0.0,0.55,2
7,2,0.0,0.35,2
7,2,0.0,0.45,2
4,1,0.0,0.05,0
7,2,0.0,0.55,2
7,2,0.0,0.45,2
8,2,0.0,0.55,2
9,2,0.0,0.7,2
7,2,0.0,0.55,0
4,1,0.0,0.05,1
8,2,0.0,0.65,2
8,2,0.0,0.4,2
9,3,0.0,0.65,2
9,1,0.0,0.65,2
8,2,0.0,0.45,2
4,1,0.0,0.1,2
9,3,0.0,0.45,2
7,2,0.0,0.35,1
8,2,0.0,0.3,2
8,2,0.0,0.5,2
8,1,0.0,0.55,2
8,2,0.3,0.45,2
8,2,0.7,0.65,2
8,2,0.0,0.65,2
8,2,0.0,0.6,2
9,2,0.0,0.55,2
6,2,0.0,0.55,2
3,0,0.0,0.1,0
7,1,0.0,0.4,2
9,3,0.0,0.75,2
9,3,0.0,0.3,2
9,3,0.0,0.55,2
10,3,0.0,0.55,2
4,1,0.0,0.05,0
8,3,0.0,0.55,2
8,2,0.0,0.4,2
7,2,0.0,0.6,2
10,3,0.0,0.75,2
4,1,0.0,0.05,0
9,2,0.0,0.55,2
8,1,0.0,0.65,2
10,3,0.0,0.65,2
6,2,0.0,0.4,2
8,2,0.0,0.35,2
8,1,0.0,0.5,2
8,2,0.0,0.55,2
8,2,0.0,0.5,2
10,3,0.0,0.55,2
8,2,0.0,0.6,2
8,2,0.0,0.65,2
7,2,0.0,0.55,2
9,2,0.0,0.55,2
8,2,0.0,0.35,2
7,2,0.0,0.3,2
9,2,0.0,0.45,2
10,3,0.0,0.35,2
10,3,0.0,0.55,2
8,2,0.0,0.65,2
9,2,0.0,0.45,2
8,3,0.0,0.45,2
4,1,0.0,0.05,0
10,3,0.0,0.65,2
8,2,0.0,0.55,2
8,2,0.0,0.45,2
8,2,0.0,0.55,2
4,1,0.0,0.05,0
8,2,0.0,0.65,2
4,1,0.0,0.05,0
7,3,0.0,0.55,2
4,1,0.0,0.05,0
8,2,0.0,0.4,2
9,2,0.0,0.45,2
8,2,0.0,0.45,2
8,2,0.0,0.5,2
7,3,0.0,0.35,2
4,1,0.0,0.05,0
8,3,0.0,0.35,2
10,3,0.0,0.45,2
8,2,0.0,0.45,2
9,3,0.0,0.45,2
4,1,0.0,0.05,2
9,3,0.0,0.5,2
4,1,0.0,0.1,0
9,3,0.0,0.35,2
9,2,0.0,0.45,2
8,2,0.3,0.55,2
10,3,0.3,0.45,2
8,2,0.0,0.45,2
8,2,0.0,0.55,2
9,2,0.0,0.6,2
9,2,0.0,0.55,2
8,2,0.0,0.45,2
9,2,0.0,0.75,2
10,3,0.0,0.45,2
5,1,0.0,0.1,1
8,2,0.0,0.45,2
8,3,0.0,0.2,2
7,1,0.0,0.25,1
4,1,0.0,0.05,0
8,2,0.0,0.35,2
8,2,0.0,0.45,2
8,2,0.0,0.55,2
8,3,0.0,0.55,2
8,2,0.0,0.55,2
8,2,0.0,0.4,2
8,1,0.0,0.65,2
7,2,0.0,0.5,2
10,1,0.0,0.75,2
5,1,0.0,0.05,2
7,1,0.0,0.05,2
9,2,0.0,0.25,2
8,2,0.0,0.4,2
8,2,0.0,0.4,2
7,2,0.0,0.45,2
7,2,0.0,0.25,0
8,2,0.0,0.45,2
7,2,0.0,0.55,2
4,0,0.0,0.45,2
8,2,0.0,0.35,2
10,3,0.0,0.75,2
9,3,0.0,0.65,2
3,0,0.0,0.05,0
7,2,0.0,0.65,2
8,3,0.0,0.45,2
7,2,0.0,0.55,2
8,2,0.0,0.65,2
7,2,0.3,0.55,2
8,3,0.0,0.35,2
7,2,0.0,0.55,2
8,2,0.0,0.6,2
4,1,0.0,0.1,0
8,2,1.0,0.55,2
9,2,0.0,0.55,2
9,3,0.0,0.45,2
8,1,0.0,0.65,2
5,1,0.0,0.05,2
7,1,0.0,0.3,2
8,2,0.0,0.45,2
8,2,0.0,0.45,2
8,2,0.0,0.65,2
5,2,0.0,0.45,2
7,2,0.0,0.3,2
7,2,0.0,0.45,2
7,2,0.0,0.55,2
7,2,0.0,0.45,2
8,3,0.0,0.45,2
8,2,0.0,0.35,2
7,2,0.0,0.45,2
8,2,0.0,0.55,2
9,3,0.0,0.35,2
4,1,0.0,0.1,0
7,1,0.0,0.55,2
2,0,0.3,0.5,0
8,3,0.0,0.2,2
3,0,0.0,0.05,0
8,2,0.0,0.55,2
8,2,0.0,0.35,2
8,2,0.0,0.4,2
8,3,0.0,0.3,2
8,3,0.0,0.55,2
9,3,0.0,0.45,2
6,1,0.0,0.25,2
9,3,0.0,0.55,2
4,1,0.0,0.1,0
4,1,0.0,0.05,0
8,2,0.0,0.35,2
7,2,0.0,0.3,2
7,2,0.0,0.35,2
9,2,0.0,0.55,1
7,2,0.0,0.65,2
7,1,0.0,0.45,2
9,3,0.0,0.4,2
7,2,0.0,0.5,2
8,2,0.0,0.65,2
7,1,0.0,0.45,2
8,2,0.0,0.55,2
9,3,0.0,0.45,1
10,3,0.0,0.45,2
6,1,0.0,0.35,2
8,2,0.0,0.55,2
9,3,0.0,0.45,2
7,2,0.0,0.45,2
4,1,0.0,0.4,1
9,3,0.0,0.65,2
4,1,0.0,0.1,0
7,2,0.0,0.45,2
9,3,0.0,0.65,2
4,1,0.0,0.05,0
4,1,0.0,0.4,2
4,1,0.0,0.05,0
7,2,0.0,0.45,2
8,2,0.0,0.65,2
7,2,0.0,0.4,2
7,2,0.0,0.45,2
8,2,0.0,0.5,2
9,3,0.0,0.55,2
9,2,0.0,0.55,2
6,1,0.0,0.55,2
7,2,0.0,0.5,2
9,3,0.0,0.55,2
6,1,0.0,0.35,1
10,3,0.0,0.65,2
9,3,0.0,0.55,2
9,3,0.0,0.65,2
8,2,0.0,0.2,2
9,3,0.0,0.55,2
10,3,0.0,0.65,2
9,3,0.0,0.55,2
7,1,0.0,0.1,0
9,3,0.0,0.55,2
7,1,0.0,0.55,2
9,3,0.0,0.65,2
8,3,0.0,0.45,2
9,3,0.0,0.5,2
9,3,0.0,0.55,2
4,1,0.0,0.1,0
5,1,0.0,0.05,0
9,3,0.0,0.35,2
9,2,0.0,0.25,2
10,3,0.0,0.65,2
8,2,0.3,0.5,2
8,2,0.0,0.35,2
10,3,0.0,0.65,2
8,2,0.0,0.45,2
7,2,0.0,0.4,1
8,2,0.0,0.45,2
6,1,0.0,0.55,2
7,2,0.0,0.45,2
5,1,0.0,0.1,0
9,3,0.0,0.45,2
8,2,0.0,0.3,2
10,3,0.0,0.35,2
8,3,0.0,0.4,2
4,1,0.0,0.05,0
10,3,0.0,0.35,2
8,1,0.0,0.1,2
7,2,0.0,0.4,2
8,2,0.0,0.35,2
9,2,0.0,0.65,2
8,0,0.0,0.35,2
9,3,0.0,0.55,2
9,3,0.0,0.45,2
8,2,0.0,0.45,2
9,2,0.0,0.4,2
9,2,0.0,0.65,2
9,2,0.0,0.55,2
10,3,0.0,0.75,2
9,3,0.0,0.65,2
9,3,0.0,0.65,2
8,2,0.0,0.55,2
9,3,0.0,0.55,2
9,3,0.0,0.45,2
10,3,0.0,0.55,2
7,1,0.0,0.55,2
9,3,0.0,0.45,0
8,2,0.0,0.55,2
9,3,0.0,0.75,2
8,2,0.0,0.65,2
9,2,0.0,0.3,2
7,2,0.0,0.6,2
8,2,0.0,0.55,2
8,2,0.0,0.5,2
8,2,0.0,0.6,2
6,1,0.0,0.05,0
9,3,0.0,0.65,2
8,2,0.0,0.45,2
9,3,0.0,0.55,2
8,2,0.0,0.45,2
6,2,0.0,0.35,2
8,2,0.0,0.45,2
7,2,0.0,0.4,2
8,2,0.0,0.55,2
8,2,0.0,0.45,2
9,2,0.0,0.65,2
8,3,0.0,0.45,2
4,1,0.0,0.1,0
8,3,0.0,0.35,2
9,3,0.0,0.6,2
8,2,0.0,0.45,2
4,1,0.0,0.05,0
8,1,0.0,0.6,2
6,1,0.0,0.25,2
8,2,0.0,0.45,2
8,3,0.0,0.55,2
8,2,0.0,0.45,2
8,2,0.0,0.45,2
9,3,0.0,0.25,2
8,2,0.0,0.35,2
6,2,0.0,0.4,2
8,3,0.0,0.65,2
5,1,0.0,0.2,2
7,2,0.0,0.55,2
7,3,0.0,0.15,0
6,1,0.0,0.35,2
8,2,0.0,0.6,2
7,3,0.0,0.05,0
8,2,0.0,0.35,2
8,2,0.0,0.65,2
3,0,0.0,0.05,0
10,3,0.0,0.45,2
9,3,0.0,0.65,2
9,3,0.0,0.55,2
7,2,0.0,0.45,2
7,2,0.0,0.55,1
9,2,0.0,0.65,2
7,2,0.0,0.45,2
7,2,0.0,0.35,2
7,2,0.0,0.5,2
7,2,0.0,0.45,1
9,2,0.0,0.35,2
8,3,0.0,0.55,2
4,1,0.0,0.05,0
7,2,0.0,0.4,2
7,2,0.0,0.45,2
5,1,0.0,0.25,1
7,2,0.0,0.45,1
5,3,0.0,0.45,2
7,2,0.0,0.3,2
9,2,0.0,0.65,2
9,3,0.0,0.65,2
8,2,0.0,0.55,2
8,3,0.0,0.45,2
8,2,0.0,0.25,2
6,2,0.0,0.15,2
7,3,0.0,0.45,2
7,2,0.0,0.45,2
4,1,0.0,0.05,0
5,1,0.0,0.05,0
4,1,0.0,0.05,0
9,2,0.0,0.55,2
8,2,0.0,0.45,2
8,2,0.0,0.45,2
7,1,0.0,0.5,2
9,3,0.0,0.65,2
7,2,0.0,0.35,2
8,3,0.0,0.4,2
9,3,0.0,0.45,2
5,2,0.0,0.4,2
8,2,0.0,0.45,2
8,2,0.0,0.55,2
8,3,0.3,0.45,2
9,3,0.0,0.65,2
9,3,0.0,0.55,2
6,2,0.0,0.4,1
4,1,0.0,0.05,0
4,1,0.0,0.05,0
4,1,0.0,0.05,0
7,2,0.3,0.45,2
7,2,0.0,0.45,2
7,2,0.0,0.4,2
5,1,0.0,0.35,2
8,3,0.0,0.4,2
6,1,0.0,0.3,2
7,2,0.0,0.45,2
7,2,0.0,0.4,2
7,1,0.3,0.5,2
6,1,0.0,0.35,2
6,2,0.0,0.3,2
6,2,0.0,0.45,2
6,1,0.0,0.3,2
6,2,0.0,0.45,2
7,2,0.0,0.45,2
6,2,0.0,0.35,2
8,3,0.0,0.45,2
6,1,0.0,0.25,2
7,2,0.0,0.3,2
7,2,0.0,0.35,2
9,3,0.0,0.2,2
7,2,0.0,0.65,2
7,2,0.0,0.45,2
8,2,0.0,0.4,2
9,3,0.0,0.45,2
2,0,0.0,0.15,0
8,2,0.0,0.45,2
7,2,0.0,0.4,2
6,2,0.0,0.55,2
7,2,0.0,0.3,2
7,2,0.0,0.55,2
9,3,0.0,0.45,2
4,1,0.0,0.05,0
9,3,0.0,0.65,2
4,1,0.0,0.1,0
7,2,0.0,0.35,2
8,3,0.0,0.45,2
7,3,0.0,0.4,2
7,2,0.0,0.45,1
8,2,0.0,0.55,2
7,3,0.0,0.25,0
8,3,0.0,0.65,2
7,2,0.0,0.35,1
8,3,0.0,0.28,2
3,0,0.0,0.4,0
9,3,0.0,0.45,2
3,0,0.0,0.55,0
4,1,0.0,0.05,0
10,3,0.0,0.55,2
9,2,0.0,0.65,2
8,3,0.0,0.45,2
8,2,0.0,0.45,2
8,2,0.0,0.55,2
9,3,0.0,0.45,2
9,3,0.0,0.45,2
4,1,0.0,0.05,0
7,2,0.0,0.4,2
7,2,0.0,0.4,2
9,3,0.0,0.4,2
9,2,0.0,0.8,2
8,1,0.0,0.3,2
4,1,0.0,0.05,0
10,3,0.0,0.45,2
5,1,0.0,0.05,0
10,3,0.0,0.65,2
8,2,0.0,0.55,2
8,2,0.0,0.3,2
9,3,0.0,0.4,2
9,3,0.0,0.45,2
7,2,0.0,0.55,2
9,2,0.0,0.55,2
10,3,0.0,0.35,2
8,3,0.0,0.55,2
9,3,0.0,0.55,1
8,3,0.0,0.4,2
9,3,0.0,0.1,2
10,3,0.0,0.65,2
9,3,0.0,0.35,2
9,3,0.0,0.45,2
7,2,0.0,0.35,2
9,0,0.0,0.75,2
9,2,0.0,0.35,2
6,1,0.0,0.1,1
6,1,0.0,0.05,0
8,2,0.0,0.55,2
8,1,0.0,0.35,2
8,2,0.0,0.45,2
10,3,0.0,0.55,2
4,1,0.0,0.4,2
9,3,0.0,0.4,2
9,3,0.0,0.0,2
4,1,0.0,0.05,0
9,3,0.0,0.55,2
7,2,0.0,0.45,2
9,2,0.0,0.65,2
10,2,0.0,0.75,2
7,1,0.0,0.05,1
7,1,0.0,0.05,2
10,3,0.0,0.65,2
10,3,0.0,0.55,2
4,1,0.0,0.1,0
5,1,0.0,0.05,0
4,0,0.0,0.05,0
10,3,0.0,0.55,2
4,0,0.0,0.05,0
5,1,0.0,0.05,0
8,1,0.0,0.5,2
5,2,0.0,0.45,1
9,3,0.0,0.45,2
8,2,0.0,0.55,2
8,2,0.0,0.45,2
4,1,0.0,0.05,0
4,1,0.0,0.1,0
9,3,0.0,0.35,2
9,3,0.0,0.55,2
8,2,0.0,0.55,2
9,3,0.0,0.35,2
7,2,0.0,0.55,2
7,1,0.0,0.5,2
7,1,0.0,0.45,2
8,2,0.0,0.55,2
9,3,0.0,0.5,2
9,2,0.0,0.45,2
8,1,0.0,0.3,2
9,3,0.0,0.55,2
8,2,0.0,0.45,2
10,3,0.0,0.45,2
4,1,0.0,0.05,0
7,1,0.0,0.55,2
4,1,0.0,0.05,0
9,2,0.0,0.65,2
4,1,0.0,0.1,0
9,2,0.0,0.5,2
6,1,0.0,0.05,0
10,2,0.0,0.55,2
9,3,0.0,0.45,2
9,3,0.0,0.45,2
1,0,0.0,0.0,0
8,1,0.0,0.25,2
4,1,0.0,0.05,0
8,2,0.0,0.55,2
9,2,0.0,0.55,2
4,1,0.0,0.05,0
8,2,0.0,0.4,2
5,1,0.0,0.05,0
9,3,0.0,0.45,2
7,2,0.0,0.35,1
9,3,0.0,0.55,2
8,1,0.0,0.35,2
7,2,0.0,0.45,2
9,3,0.0,0.65,2
7,2,0.0,0.3,2
8,2,0.0,0.65,2
10,3,0.0,0.65,2
8,2,0.0,0.45,2
9,3,0.0,0.65,2
6,2,0.0,0.35,2
9,3,0.0,0.35,0
5,1,0.0,0.3,2
9,1,0.0,0.6,2
4,1,0.0,0.1,0
7,2,0.0,0.45,2
6,2,0.0,0.45,2
8,2,0.0,0.55,2
5,1,0.0,0.05,0
5,1,0.0,0.4,0
7,2,0.0,0.45,2
10,3,0.0,0.55,2
4,1,0.0,0.05,0
4,1,0.0,0.05,0
4,2,0.0,0.33,2
8,2,0.0,0.45,2
8,3,0.0,0.45,2
4,1,0.0,0.1,0
4,1,0.0,0.05,0
8,2,0.0,0.35,1
9,2,0.0,0.6,2
8,2,0.0,0.35,2
4,1,0.0,0.05,0
10,3,0.0,0.55,0
8,2,0.0,0.65,2
8,2,0.0,0.45,2
7,2,0.0,0.45,2
8,3,0.0,0.5,2
4,2,0.0,0.35,0
7,2,0.0,0.4,2
10,3,0.0,0.45,0
9,3,0.0,0.55,0
4,1,0.0,0.05,0
8,2,0.0,0.45,1
9,3,0.0,0.35,1
7,2,0.0,0.65,2
9,3,0.0,0.65,2
8,2,0.0,0.6,2
6,1,0.0,0.35,2
5,1,0.0,0.45,2
4,1,0.0,0.1,0
7,2,0.0,0.35,2
7,3,0.0,0.55,2
10,3,0.0,0.45,0
7,2,0.0,0.65,2
5,0,0.7,0.55,2
7,2,0.0,0.65,2
8,3,0.0,0.45,1
9,3,0.0,0.75,2
8,2,0.0,0.35,2
7,3,0.0,0.65,2
7,1,0.0,0.65,2
7,3,0.0,0.4,1
4,1,0.0,0.1,0
8,2,0.0,0.55,2
9,3,0.0,0.25,0
5,1,0.0,0.5,1
8,3,0.0,0.55,2
8,3,0.0,0.45,1
9,3,0.0,0.45,2
8,3,0.0,0.6,2
7,2,0.0,0.55,2
8,2,0.0,0.55,2
5,1,0.0,0.05,0
9,2,0.0,0.45,0
7,2,0.0,0.35,0
3,0,0.0,0.05,0
2,0,0.7,0.3,2
8,2,0.0,0.5,1
7,2,0.0,0.4,2
8,2,0.0,0.65,2
6,1,0.0,0.45,2
4,1,0.0,0.1,0
5,2,0.0,0.45,2
9,3,0.0,0.55,2
9,3,0.0,0.35,2
5,1,0.0,0.35,1
7,2,0.0,0.45,2
4,1,0.0,0.55,2
9,3,0.0,0.65,2
8,3,0.0,0.55,2
4,1,0.0,0.05,0
10,3,0.0,0.55,0
8,2,0.0,0.45,2
8,2,0.0,0.4,2
7,2,0.0,0.55,2
8,2,0.0,0.45,2
10,3,0.0,0.55,2
7,2,0.0,0.45,1
9,3,0.0,0.55,0
7,2,0.0,0.55,2
7,2,0.0,0.4,2
7,2,0.7,0.35,2
8,3,0.0,0.55,0
7,2,0.0,0.5,1
7,2,0.0,0.65,2
8,2,0.0,0.25,0
7,1,0.0,0.6,2
9,3,0.0,0.45,2
9,2,0.0,0.55,1
9,2,0.0,0.45,2
7,2,0.0,0.55,2
5,1,0.0,0.1,0
9,3,0.0,0.55,2
4,0,0.0,0.1,0
8,2,0.0,0.65,2
9,3,0.0,0.65,1
4,1,0.0,0.9,0
7,3,0.0,0.333,0
8,2,0.0,0.45,1
9,3,0.0,0.45,2
4,1,0.0,0.1,0
8,3,0.0,0.45,1
8,3,0.0,0.45,1
8,3,0.0,0.35,1
9,2,0.0,0.65,2
9,2,0.0,0.3,2
9,2,0.0,0.55,2
9,3,0.0,0.65,2
9,1,0.0,0.7,2
8,2,0.0,0.45,2
4,1,0.0,0.1,0
7,1,0.0,0.3,2
8,2,0.0,0.55,2
7,1,0.0,0.45,2
9,3,0.0,0.65,2
5,0,0.0,0.4,2
8,2,0.0,0.4,2
6,2,0.0,0.35,2
9,3,0.0,0.4,2
4,1,0.0,0.05,0
9,3,0.0,0.4,2
7,0,0.0,0.65,2
7,2,0.0,0.45,2
9,1,0.0,0.45,2
9,3,0.0,0.25,2
6,2,0.0,0.35,1
8,2,0.0,0.45,2
5,1,0.0,0.05,0
4,1,0.0,0.05,0
9,3,0.0,0.45,2
6,1,0.0,0.45,2
4,1,0.0,0.05,0
7,2,0.0,0.35,1
8,2,0.0,0.55,2
7,2,0.0,0.35,1
4,1,0.0,0.05,0
4,1,0.0,0.1,0
5,1,0.0,0.1,0
4,1,0.0,0.1,0
7,1,0.0,0.4,2
4,1,0.0,0.1,0
8,2,0.0,0.55,2
4,1,0.0,0.05,0
7,2,0.0,0.35,1
6,2,0.0,0.35,2
9,3,0.0,0.75,2
8,3,0.0,0.45,1
7,2,0.0,0.25,1
7,2,0.0,0.2,2
3,0,0.0,0.4,2
8,3,0.0,0.65,0
6,2,0.0,0.35,2
4,0,0.0,0.05,0
7,2,0.0,0.35,2
7,2,0.0,0.35,1
9,3,0.0,0.45,1
9,3,0.0,0.45,2
3,0,0.0,0.4,2
5,1,0.0,0.55,2
7,1,0.0,0.3,2
7,2,0.0,0.45,2
6,2,0.0,0.3,2
4,1,0.0,0.05,0
7,2,0.0,0.45,2
9,3,0.0,0.45,2
6,1,0.0,0.55,2
4,1,0.0,0.1,0
4,1,0.0,0.1,0
3,0,0.0,0.65,2
3,0,0.0,0.45,2
7,3,0.0,0.55,2
9,3,0.0,0.55,2
6,1,0.0,0.65,2
9,3,0.0,0.45,2
4,1,0.0,0.05,0
9,3,0.0,0.6,1
4,1,0.0,0.05,0
3,0,0.0,0.55,2
4,1,0.0,0.05,0
8,3,0.0,0.45,2
7,2,0.0,0.45,2
9,3,0.0,0.55,0
7,2,0.0,0.45,2
6,1,0.0,0.55,2
9,3,0.0,0.4,2
8,3,0.0,0.55,0
7,2,0.0,0.55,2
7,2,0.0,0.55,1
8,2,0.0,0.55,2
5,1,0.0,0.05,0
7,2,0.0,0.35,2
7,3,0.0,0.3,2
8,3,0.0,0.45,0
8,3,0.0,0.4,2
8,2,0.0,0.4,1
9,3,0.0,0.75,2
8,3,0.0,0.55,0
8,2,0.0,0.4,2
4,1,0.0,0.05,0
4,2,0.0,0.55,0
4,1,0.0,0.1,0
4,1,0.0,0.1,0
4,1,0.0,0.05,0
4,1,0.0,0.1,0
7,0,0.0,0.3,2
4,1,0.0,0.05,0
4,1,0.0,0.05,0
5,2,0.0,0.55,2
5,1,0.0,0.55,1
6,1,0.0,0.55,2
7,2,0.0,0.4,2
5,2,0.0,0.65,2
8,2,0.0,0.5,2
6,2,0.0,0.45,2
8,3,0.0,0.55,2
5,2,0.0,0.5,2
4,0,0.0,0.45,0
5,1,0.0,0.35,2
5,1,0.0,0.45,2
8,3,0.0,0.65,2
9,3,0.0,0.55,2
5,2,0.0,0.55,2
7,2,0.0,0.55,2
8,2,0.0,0.55,2
2,0,0.0,0.55,2
7,2,0.0,0.45,2
6,2,0.0,0.4,2
6,2,0.0,0.55,2
5,2,0.0,0.45,2
8,2,0.0,0.5,2
7,2,0.0,0.45,2
4,1,0.0,0.1,0
9,3,0.0,0.45,2
10,3,0.0,0.55,2
9,3,0.0,0.45,2
2,0,0.7,0.45,2
9,3,0.0,0.4,2
6,1,0.0,0.4,2
6,2,0.0,0.45,2
5,1,0.0,0.35,2
7,1,0.0,0.55,2
8,3,0.0,0.55,2
6,2,0.0,0.55,2
5,1,0.0,0.45,2
10,3,0.0,0.55,2
7,2,0.0,0.35,2
5,1,0.0,0.55,2
8,3,0.0,0.6,2
3,0,0.0,0.45,2
6,2,0.0,0.45,2
7,1,0.0,0.4,2
5,0,0.0,0.45,1
7,2,0.0,0.35,1
4,1,0.0,0.05,0
7,2,0.0,0.35,2
9,3,0.0,0.4,2
9,2,0.0,0.45,2
8,3,0.0,0.35,2
8,2,0.0,0.45,2
6,2,0.0,0.4,2
8,3,0.0,0.45,1
5,1,0.0,0.55,2
7,3,0.0,0.3,2
8,2,0.0,0.25,2
8,2,0.0,0.4,2
5,2,0.0,0.55,1
4,1,0.0,0.05,0
8,2,0.0,0.55,2
9,3,0.0,0.35,2
6,2,0.0,0.5,2
4,1,0.0,0.05,0
9,3,0.0,0.45,2
4,1,0.0,0.05,0
3,0,0.0,0.05,0
5,1,0.0,0.05,0
9,3,0.0,0.65,2
8,3,0.0,0.55,2
9,3,0.0,0.45,2
4,0,0.0,0.05,0
7,1,0.0,0.35,1
8,3,0.0,0.45,2
5,1,0.0,0.5,2
7,2,0.0,0.45,2
4,1,0.0,0.05,0
7,2,0.0,0.45,2
5,1,0.0,0.35,2
7,2,0.0,0.65,2
8,2,0.0,0.45,2
5,2,0.0,0.5,2
8,2,0.0,0.65,2
8,2,0.0,0.5,2
7,2,0.0,0.35,2
7,2,0.0,0.45,2
7,2,0.0,0.45,2
7,2,0.0,0.6,2
4,1,0.0,0.1,0
6,2,0.0,0.4,2
5,1,0.0,0.3,2
7,2,0.0,0.35,2
6,2,0.0,0.3,2
8,2,0.0,0.3,2
9,3,0.0,0.65,2
6,1,0.0,0.35,2
8,2,0.0,0.4,2
8,2,0.3,0.55,2
4,1,0.0,0.05,0
4,0,0.0,0.05,0
8,2,0.0,0.55,0
3,0,0.0,0.55,2
8,3,0.0,0.45,2
5,2,0.0,0.3,2
4,0,0.0,0.05,0
5,2,0.0,0.25,2
7,1,0.7,0.3,2
5,2,0.0,0.4,2
5,1,0.0,0.35,1
3,0,0.0,0.3,1
4,1,0.0,0.1,0
7,3,0.0,0.55,2
4,1,0.3,0.1,0
9,3,0.0,0.55,0
7,2,0.0,0.45,2
6,1,0.0,0.35,2
6,2,0.0,0.55,2
7,3,0.0,0.55,2
4,1,0.0,0.1,0
4,1,0.0,0.1,0
6,2,0.0,0.45,2
5,2,0.0,0.45,2
4,1,0.0,0.25,1
6,1,0.0,0.45,2
10,3,0.0,0.25,2
7,2,0.0,0.4,2
5,2,0.0,0.55,1
7,3,0.0,0.25,1
7,2,0.0,0.55,2
6,2,0.0,0.45,2
9,3,0.0,0.4,2
2,0,0.0,0.25,0
4,1,0.0,0.05,0
7,2,0.0,0.55,2
5,1,0.0,0.55,2
8,3,0.0,0.4,2
3,1,0.0,0.1,0
9,3,0.0,0.45,2
4,1,0.0,0.1,0
6,2,0.0,0.5,2
9,3,0.0,0.35,2
5,1,0.0,0.45,2
1,0,0.7,0.1,0
5,2,0.0,0.45,2
5,2,0.0,0.45,1
7,3,0.0,0.65,2
3,0,0.0,0.45,0
4,2,0.0,0.05,0
6,2,0.0,0.2,1
7,2,0.0,0.4,2
7,2,0.0,0.3,0
9,3,0.0,0.4,2
8,3,0.0,0.45,2
4,1,0.0,0.05,0
7,1,0.0,0.65,1
8,2,0.0,0.55,2
7,3,0.0,0.65,2
8,2,0.0,0.55,2
5,1,0.0,0.45,2
7,2,0.0,0.25,2
10,3,0.0,0.65,2
6,2,0.0,0.4,1
7,2,0.0,0.45,2
8,3,0.0,0.45,1
5,1,0.0,0.5,0
5,2,0.0,0.35,2
5,2,0.0,0.3,0
6,2,0.0,0.3,0
6,1,0.0,0.35,1
5,1,0.0,0.45,1
6,2,0.0,0.45,2
4,1,0.0,0.5,0
5,2,0.0,0.3,0
4,1,0.0,0.1,0
9,3,0.0,0.55,2
6,2,0.0,0.45,2
8,3,0.0,0.55,2
4,0,1.0,0.05,0
5,2,0.0,0.45,2
4,0,0.0,0.05,0
5,2,0.0,0.4,2
4,1,0.0,0.05,0
4,2,0.0,0.4,0
4,1,0.0,0.1,0
7,3,0.0,0.45,2
10,3,0.0,0.4,0
3,0,0.0,0.15,1
7,2,0.0,0.25,2
7,2,0.0,0.35,2
9,3,0.0,0.6,2
7,3,0.0,0.35,2
5,1,0.0,0.65,1
4,1,0.0,0.05,0
6,1,0.0,0.45,2
5,2,0.0,0.5,2
7,2,0.0,0.55,2
7,2,0.0,0.55,2
4,1,0.0,0.1,0
7,3,0.0,0.25,2
7,2,0.0,0.55,2
6,2,0.0,0.55,1
3,0,0.0,0.45,1
8,3,0.0,0.45,2
7,2,0.0,0.35,2
5,1,0.0,0.45,2
5,1,0.0,0.1,0
6,3,0.0,0.35,2
7,2,0.0,0.45,2
6,2,0.0,0.3,2
9,3,0.3,0.4,2
4,1,0.0,0.05,0
9,3,0.0,0.55,2
7,2,0.0,0.3,0
5,2,0.0,0.35,2
6,2,0.0,0.5,0
7,2,0.0,0.35,2
7,2,0.0,0.4,1
7,2,0.0,0.45,2
6,2,0.0,0.35,2
7,2,0.0,0.2,2
6,1,0.0,0.35,2
6,1,0.0,0.35,1
3,0,0.7,0.4,2
6,2,0.0,0.5,1
7,3,0.0,0.45,2
4,1,0.0,0.1,0
6,2,0.0,0.45,2
7,2,0.0,0.35,2
7,2,0.0,0.45,2
8,3,0.0,0.45,2
8,3,0.0,0.35,2
7,2,0.0,0.35,2
5,2,0.0,0.35,1
5,2,0.0,0.4,1
8,3,0.0,0.45,2
4,1,0.0,0.05,0
5,1,0.0,0.45,2
7,2,0.0,0.35,2
6,2,0.0,0.55,2
4,1,0.0,0.3,2
4,1,0.0,0.55,2
5,2,0.0,0.25,1
7,2,0.0,0.45,2
7,2,0.0,0.4,2
8,2,0.0,0.35,2
3,0,0.0,0.15,0
5,2,0.0,0.45,2
6,2,0.0,0.4,2
3,0,0.7,0.5,1
7,2,0.7,0.2,1
9,3,0.0,0.65,2
7,1,0.0,0.45,2
5,2,0.0,0.45,2
4,1,0.0,0.1,0
5,2,0.0,0.35,2
7,1,0.0,0.45,2
9,3,0.0,0.45,0
6,2,0.0,0.55,2
7,2,0.0,0.5,2
7,2,0.0,0.4,2
9,3,0.0,0.55,2
7,2,0.0,0.45,2
8,2,0.0,0.5,2
9,3,0.0,0.45,2
6,2,0.0,0.45,2
9,3,0.0,0.45,0
8,3,0.0,0.55,1
7,1,0.0,0.4,2
3,0,0.0,0.35,0
7,1,0.0,0.35,2
7,2,0.0,0.55,2
8,2,0.0,0.5,2
8,2,0.0,0.45,2
4,1,0.0,0.1,0
8,2,0.0,0.55,2
8,3,0.0,0.45,2
7,2,0.0,0.3,1
8,3,0.0,0.35,2
5,2,0.0,0.35,2
4,1,0.0,0.05,0
8,3,0.0,0.5,2
5,2,0.0,0.15,1
4,1,0.0,0.1,0
4,1,0.0,0.35,0
5,1,0.0,0.45,1
4,1,0.0,0.05,0
9,3,0.0,0.6,2
6,2,0.0,0.4,2
6,2,0.0,0.55,2
4,1,0.0,0.05,0
4,1,0.0,0.1,0
4,1,0.0,0.1,0
9,3,0.0,0.55,2
7,2,0.0,0.4,2
6,1,0.0,0.4,2
9,3,0.0,0.55,2
5,2,0.0,0.35,2
5,2,0.0,0.55,2
6,2,0.0,0.45,2
5,1,0.0,0.35,0
8,3,0.0,0.65,2
6,2,0.0,0.45,2
9,3,0.0,0.55,1
5,1,0.0,0.55,1
2,0,0.0,0.55,2
3,0,0.0,0.35,1
4,1,0.0,0.1,0
5,2,0.0,0.35,1
6,2,0.0,0.3,2
9,3,0.0,0.45,2
7,2,0.0,0.55,2
7,3,0.0,0.45,1
8,3,0.0,0.4,0
4,1,0.0,0.05,0
6,2,0.0,0.35,2
7,2,0.0,0.55,2
7,2,0.0,0.25,2
7,3,0.0,0.45,1
6,2,0.0,0.35,1
8,2,0.0,0.65,2
6,2,0.0,0.65,2
7,2,0.0,0.55,2
7,2,0.0,0.65,2
3,0,0.7,0.3,2
8,3,0.0,0.65,2
7,1,0.0,0.5,2
3,1,0.0,0.15,1
6,2,0.0,0.45,2
7,2,0.0,0.4,2
7,2,0.0,0.3,1
9,3,0.0,0.55,2
8,2,0.0,0.55,2
8,3,0.0,0.45,2
9,3,0.0,0.65,2
8,2,0.0,0.55,2
10,3,0.0,0.45,2
7,3,0.0,0.5,2
3,0,0.0,0.05,0
8,3,0.0,0.5,2
6,2,0.0,0.35,2
6,2,0.0,0.45,1
7,2,0.0,0.45,2
4,2,0.3,0.6,2
7,2,0.0,0.45,2
4,1,0.0,0.05,0
7,3,0.0,0.4,2
5,1,0.0,0.55,2
7,2,0.0,0.5,2
7,2,0.0,0.55,2
5,2,0.0,0.2,2
6,2,0.0,0.35,2
8,2,0.0,0.5,2
7,2,0.0,0.55,2
5,2,0.0,0.3,2
6,2,0.0,0.45,2
4,2,0.3,0.25,1
5,2,0.0,0.25,2
6,1,0.0,0.55,2
9,3,0.0,0.45,2
7,2,0.0,0.45,1
10,3,0.0,0.65,2
7,3,0.0,0.45,2
3,0,0.0,0.05,0
5,3,0.0,0.45,1
7,2,0.0,0.35,2
5,2,0.0,0.35,2
6,1,0.0,0.5,2
5,1,0.0,0.5,0
4,1,0.0,0.2,0
5,1,0.0,0.3,1
3,0,0.0,0.45,1
5,1,0.0,0.35,1
5,2,0.0,0.25,2
5,0,0.0,0.45,2
4,1,0.0,0.05,0
5,2,0.0,0.25,1
7,3,0.0,0.55,2
4,2,0.0,0.15,0
6,2,0.0,0.4,2
8,2,0.0,0.55,2
4,1,0.0,0.05,0
4,1,0.0,0.1,0
7,1,0.0,0.5,2
7,2,0.0,0.4,1
3,0,0.0,0.45,2
6,2,0.0,0.45,1
7,2,0.0,0.35,2
4,1,0.0,0.05,0
4,1,0.0,0.1,0
5,1,0.0,0.5,1
9,3,0.0,0.55,2
7,2,0.0,0.35,1
5,2,0.0,0.45,2
9,3,0.0,0.65,2
7,3,0.0,0.25,1
5,2,0.0,0.4,1
6,2,0.0,0.5,0
8,2,0.0,0.75,2
7,1,0.0,0.45,2
4,1,0.0,0.05,0
8,1,0.0,0.65,1
4,1,0.0,0.05,0
7,3,0.0,0.55,2
7,2,0.0,0.35,2
10,3,0.0,0.35,1
6,2,0.0,0.45,2
4,2,0.0,0.45,2
9,3,0.0,0.65,2
9,3,0.0,0.45,2
8,3,0.0,0.55,2
7,2,0.0,0.4,2
6,2,0.0,0.35,1
5,2,0.0,0.15,0
6,0,0.0,0.45,1
7,3,0.0,0.55,2
4,1,0.0,0.05,0
4,1,0.0,0.05,0
6,2,0.0,0.35,2
3,0,0.0,0.35,1
7,1,0.0,0.4,2
5,1,0.0,0.45,2
7,2,0.0,0.35,2
4,1,0.0,0.05,0
4,1,0.0,0.05,0
5,1,0.0,0.25,2
7,2,0.0,0.35,1
9,3,0.0,0.75,2
10,3,0.0,0.55,2
4,1,0.0,0.05,0
7,2,0.0,0.45,2
4,2,0.0,0.55,1
3,1,0.0,0.5,0
9,3,0.0,0.45,1
7,2,0.0,0.5,1
4,1,0.0,0.45,2
4,1,0.0,0.05,0
7,2,0.0,0.4,2
9,3,0.0,0.45,2
9,3,0.0,0.75,2
6,2,0.0,0.45,1
8,3,0.0,0.35,2
8,3,0.0,0.55,1
6,1,0.0,0.55,2
7,2,0.0,0.35,1
7,2,0.0,0.35,1
8,3,0.0,0.4,1
3,0,0.0,0.05,0
4,0,0.0,0.45,2
4,1,0.0,0.1,0
9,2,0.0,0.35,2
9,3,0.0,0.45,2
5,0,0.0,0.55,1
5,0,0.0,0.6,2
4,1,0.0,0.05,0
9,3,0.0,0.55,2
7,2,0.0,0.35,2
5,1,0.0,0.55,1
4,1,0.0,0.05,0
10,3,0.0,0.65,0
4,1,0.0,0.05,0
6,2,0.0,0.55,1
3,0,0.0,0.35,0
8,1,0.0,0.45,1
4,1,0.0,0.05,0
5,2,0.0,0.3,1
6,2,0.0,0.45,2
6,2,0.0,0.3,1
6,2,0.0,0.45,2
6,2,0.0,0.3,0
9,3,0.0,0.55,2
8,3,0.0,0.45,2
3,0,0.0,0.65,2
3,0,0.3,0.25,1
3,1,0.0,0.4,0
3,0,0.0,0.05,0
4,1,0.0,0.1,0
7,2,0.0,0.6,2
8,3,0.0,0.4,2
7,2,0.0,0.4,1
6,2,0.0,0.5,2
9,3,0.0,0.45,0
5,2,0.0,0.4,2
7,2,0.0,0.55,1
5,1,0.0,0.4,2
4,1,0.0,0.1,0
2,0,0.0,0.6,0
6,2,0.0,0.2,1
7,3,0.0,0.35,2
8,3,0.0,0.35,0
8,3,0.0,0.4,2
9,3,0.0,0.45,2
9,3,0.0,0.6,2
8,2,0.0,0.6,1
6,2,0.0,0.4,1
5,2,0.0,0.4,2
9,3,0.0,0.35,0
3,0,0.0,0.6,0
3,0,0.8,0.4,1
6,2,0.0,0.5,1
6,1,0.0,0.5,1
7,2,0.0,0.55,1
5,1,0.0,0.1,0
4,0,0.0,0.45,0
7,2,0.0,0.65,2
10,3,0.0,0.35,2
2,0,0.0,0.45,1
9,3,0.0,0.55,2
10,3,0.0,0.65,2
7,2,0.0,0.45,2
6,2,0.0,0.4,1
4,1,0.0,0.45,2
4,0,0.0,0.45,2
3,0,0.7,0.4,1
5,1,0.0,0.25,2
9,3,0.0,0.45,2
5,1,0.0,0.35,1
9,2,0.0,0.65,2
7,2,0.0,0.3,2
9,3,0.0,0.45,2
9,3,0.0,0.4,2
4,1,0.0,0.05,0
3,0,0.0,0.05,0
4,1,0.0,0.1,0
2,0,0.7,0.45,2
7,2,0.0,0.4,2
6,2,0.0,0.45,2
5,2,0.0,0.35,2
9,3,0.0,0.65,2
6,2,0.0,0.5,2
8,3,0.0,0.4,1
5,2,0.0,0.35,0
7,2,0.0,0.55,2
7,3,0.0,0.35,1
7,3,0.0,0.55,2
8,2,0.0,0.25,1
7,1,0.0,0.3,1
5,2,0.0,0.45,1
7,2,0.0,0.35,1
8,3,0.0,0.35,1
7,1,0.0,0.3,1
7,2,0.0,0.45,1
9,3,0.0,0.55,2
9,3,0.0,0.55,1
8,2,0.0,0.55,1
7,2,0.0,0.55,2
7,2,0.0,0.65,2
4,1,0.0,0.05,0
7,2,0.0,0.45,2
7,3,0.0,0.2,2
10,3,0.0,0.75,2
7,2,0.0,0.4,2
9,2,0.0,0.25,2
7,3,0.0,0.35,2
4,1,0.0,0.05,0
7,3,0.0,0.5,2
7,2,0.0,0.4,2
7,2,0.0,0.5,2
5,1,0.0,0.3,1
8,3,0.0,0.35,1
7,2,0.0,0.55,1
4,1,0.0,0.05,0
9,3,0.0,0.45,2
8,1,0.0,0.35,2
5,1,0.0,0.05,0
8,3,0.3,0.65,2
6,2,0.0,0.4,1
9,3,0.0,0.55,0
1,1,0.0,0.9,0
9,3,0.0,0.35,2
5,1,0.0,0.55,1
8,3,0.0,0.45,2
8,2,0.0,0.45,2
7,2,0.0,0.45,2
7,2,0.0,0.6,2
8,2,0.0,0.35,2
6,2,0.0,0.45,2
5,2,0.0,0.4,1
7,2,0.0,0.35,2
4,1,0.0,0.05,0
9,3,0.0,0.75,2
4,1,0.0,0.05,0
8,2,0.0,0.45,2
7,1,0.0,0.6,2
8,2,0.0,0.45,2
7,2,0.0,0.75,2
8,3,0.0,0.65,2
10,3,0.0,0.4,2
6,0,0.0,0.3,2
9,3,0.0,0.75,2
7,1,0.0,0.45,2
9,3,0.0,0.65,2
5,1,0.0,0.5,1
7,2,0.0,0.45,2
7,2,0.0,0.35,2
7,2,0.0,0.6,2
7,2,0.0,0.55,2
7,2,0.0,0.35,2
6,2,0.0,0.35,0
8,3,0.0,0.35,2
4,1,0.0,0.1,0
5,1,0.0,0.35,2
7,2,0.0,0.55,2
9,3,0.0,0.35,2
6,1,0.0,0.5,0
7,2,0.0,0.45,1
4,0,0.7,0.35,1
9,2,0.0,0.45,2
3,0,0.0,0.05,0
7,2,0.0,0.65,2
8,2,0.0,0.55,2
4,1,0.0,0.05,0
3,0,0.0,0.55,1
8,3,0.0,0.45,2
7,2,0.0,0.45,2
7,2,0.0,0.35,1
8,2,0.0,0.65,2
4,1,0.0,0.1,0
9,3,0.0,0.35,2
9,2,0.0,0.45,2
4,1,0.0,0.05,0
9,3,0.0,0.35,0
7,2,0.0,0.55,0
5,2,0.0,0.35,1
8,2,0.0,0.45,1
8,2,0.0,0.55,2
10,3,0.0,0.45,2
7,2,0.0,0.45,2
7,1,0.0,0.55,2
5,1,0.0,0.05,0
9,3,0.0,0.8,2
7,1,0.0,0.75,2
8,1,0.0,0.6,2
8,2,0.0,0.45,2
5,1,0.0,0.05,0
8,2,0.0,0.4,2
8,2,0.0,0.35,2
8,2,0.0,0.35,2
8,2,0.0,0.65,2
8,3,0.0,0.5,2
6,2,0.0,0.35,1
7,2,0.0,0.35,2
3,0,0.0,0.55,1
8,3,0.0,0.45,1
7,2,0.0,0.35,2
7,2,0.0,0.45,2
5,1,0.0,0.05,0
7,2,0.0,0.45,2
9,3,0.0,0.65,2
9,3,0.0,0.55,2
8,2,0.0,0.55,2
9,3,0.0,0.35,2
7,2,0.0,0.35,2
8,2,0.0,0.45,2
8,2,0.0,0.55,2
7,1,0.0,0.5,2
6,2,0.0,0.45,0
7,3,0.0,0.45,1
10,3,0.0,0.55,2
7,2,0.0,0.35,2
9,3,0.0,0.55,2
8,2,0.0,0.6,2
7,2,0.0,0.55,1
4,1,0.0,0.05,0
8,2,0.0,0.65,2
2,0,0.7,0.5,1
5,2,0.0,0.35,1
4,1,0.0,0.05,0
9,3,0.0,0.35,2
4,1,0.0,0.1,0
9,3,0.0,0.45,2
4,1,0.0,0.1,0
8,2,0.0,0.45,2
2,0,0.0,0.2,0
7,2,0.0,0.3,2
8,3,0.0,0.45,2
9,3,0.0,0.75,2
8,2,0.0,0.65,2
4,1,0.0,0.15,0
5,2,0.0,0.35,1
8,2,0.0,0.55,2
9,3,0.0,0.55,2
8,2,0.0,0.35,2
8,2,0.0,0.45,1
7,3,0.0,0.45,0
9,3,0.0,0.3,0
4,1,0.0,0.05,0
9,3,0.0,0.55,2
4,1,0.0,0.1,0
8,2,0.0,0.65,2
2,0,0.7,0.4,1
9,3,0.0,0.65,2
6,2,0.0,0.3,0
3,0,0.0,0.45,1
8,2,0.0,0.55,2
6,1,0.3,0.35,1
9,3,0.0,0.45,2
8,3,0.0,0.4,2
10,3,0.0,0.55,2
3,1,0.0,0.45,1
5,2,0.0,0.65,2
8,3,0.0,0.55,2
9,2,0.0,0.55,2
6,2,0.0,0.35,2
7,2,0.0,0.35,2
8,3,0.0,0.7,2
4,1,0.0,0.55,2
10,3,0.0,0.55,2
4,1,0.0,0.1,0
8,2,0.0,0.4,1
10,3,0.0,0.6,2
8,2,0.0,0.45,1
4,1,0.0,0.05,0
5,2,0.0,0.45,1
4,1,0.0,0.05,0
7,2,0.0,0.25,1
9,3,0.0,0.35,0
7,1,0.0,0.55,2
6,2,0.0,0.45,2
8,2,0.0,0.45,2
7,2,0.0,0.55,2
7,2,0.0,0.35,2
5,2,0.0,0.45,1
7,2,0.0,0.45,1
9,3,0.0,0.55,2
7,2,0.0,0.65,2
7,2,0.0,0.45,1
9,3,0.0,0.55,2
9,3,0.0,0.45,2
4,1,0.0,0.55,1
9,3,0.0,0.58,2
7,2,0.0,0.5,2
7,2,0.0,0.35,2
3,0,0.0,0.45,1
5,1,0.0,0.1,0
5,1,0.0,0.3,0
5,0,0.0,0.35,1
7,2,0.0,0.4,0
6,1,0.0,0.35,2
8,3,0.0,0.5,2
8,2,0.0,0.45,2
8,2,0.0,0.65,1
9,3,0.0,0.65,2
7,2,0.0,0.45,2
8,2,0.0,0.45,1
7,2,0.0,0.55,1
9,3,0.0,0.4,2
9,3,0.0,0.75,2
9,3,0.0,0.45,1
4,1,0.0,0.05,0
9,3,0.0,0.45,2
4,1,0.0,0.05,0
8,2,0.0,0.65,1
9,2,0.0,0.35,1
7,2,0.0,0.45,2
9,3,0.0,0.55,1
5,2,0.3,0.5,1
9,3,0.0,0.4,2
4,1,0.0,0.05,0
5,2,0.0,0.3,2
4,1,0.0,0.05,0
8,3,0.0,0.55,2
7,2,0.0,0.45,1
6,1,0.0,0.45,2
9,3,0.0,0.45,0
8,2,0.0,0.35,1
10,3,0.0,0.55,2
7,3,0.0,0.55,2
9,3,0.0,0.65,2
7,2,0.0,0.45,2
8,2,0.0,0.45,2
7,2,0.0,0.6,2
6,2,0.0,0.35,2
4,0,0.0,0.45,2
2,0,0.7,0.3,0
8,2,0.0,0.35,2
9,3,0.0,0.45,2
9,3,0.0,0.55,1
4,0,0.0,0.1,0
7,2,0.0,0.35,2
5,2,0.0,0.45,1
6,1,0.0,0.45,2
9,3,0.0,0.55,2
4,1,0.0,0.3,1
8,3,0.0,0.45,2
7,2,0.0,0.35,2
7,2,0.0,0.45,2
8,3,0.0,0.35,2
10,3,0.0,0.45,2
8,2,0.0,0.45,2
7,2,0.0,0.6,1
6,2,0.0,0.45,1
9,2,0.0,0.4,0
3,0,0.7,0.55,2
8,3,0.0,0.3,2
4,1,0.0,0.1,0
6,1,0.0,0.35,0
8,2,0.0,0.4,2
8,2,0.0,0.65,2
9,3,0.0,0.3,0
4,1,0.0,0.1,0
4,1,0.0,0.1,0
8,2,0.0,0.55,2
8,3,0.0,0.65,1
9,3,0.0,0.75,2
10,2,0.0,0.8,2
9,2,0.0,0.55,2
5,1,0.3,0.05,0
6,1,0.0,0.55,2
4,1,0.0,0.05,0
7,3,0.0,0.45,2
10,3,0.0,0.55,2
6,2,0.0,0.45,1
4,1,0.0,0.1,0
7,2,0.0,0.65,2
4,0,0.7,0.35,1
6,1,0.0,0.45,2
4,1,0.0,0.4,1
5,1,0.0,0.4,1
7,3,0.0,0.4,1
7,2,0.0,0.4,2
6,2,0.0,0.35,0
6,2,0.0,0.55,2
7,2,0.0,0.4,2
5,1,0.0,0.3,1
4,1,0.0,0.1,0
4,1,0.0,0.05,0
2,0,0.0,0.15,0
9,3,0.0,0.4,2
6,1,0.0,0.4,2
9,3,0.0,0.65,2
8,3,0.0,0.55,1
7,3,0.0,0.35,2
7,2,0.0,0.45,2
8,3,0.0,0.35,2
7,2,0.0,0.45,2
5,2,0.0,0.35,1
8,1,0.0,0.35,1
8,3,0.0,0.55,2
8,2,0.0,0.45,2
9,2,0.0,0.65,2
7,1,0.0,0.45,2
7,2,0.0,0.6,1
7,3,0.0,0.3,2
7,3,0.0,0.55,2
9,3,0.0,0.35,2
8,2,0.0,0.4,2
4,0,0.0,0.4,2
5,1,0.0,0.45,1
9,1,0.0,0.55,2
7,2,0.0,0.45,2
4,1,0.0,0.5,0
8,2,0.0,0.45,2
6,2,0.0,0.3,1
7,2,0.0,0.45,2
6,2,0.0,0.3,1
4,1,0.0,0.1,0
8,3,0.0,0.5,2
7,2,0.0,0.53,2
8,2,0.0,0.55,2
9,3,0.0,0.45,2
8,2,0.0,0.4,2
8,2,0.0,0.55,2
7,2,0.0,0.3,2
9,2,0.0,0.45,0
7,2,0.0,0.45,1
4,1,0.0,0.1,0
7,2,0.0,0.3,1
9,3,0.0,0.75,2
4,1,0.0,0.05,0
7,2,0.0,0.45,1
1,0,0.7,0.15,0
9,3,0.0,0.65,2
7,2,0.0,0.4,1
6,2,0.0,0.45,1
5,1,0.0,0.45,1
8,3,0.0,0.45,1
7,2,0.0,0.3,0
6,2,0.0,0.3,1
8,3,0.0,0.65,1
9,3,0.0,0.55,2
9,3,0.0,0.4,2
8,2,0.0,0.35,2
7,2,0.0,0.45,2
7,3,0.0,0.25,1
7,2,0.0,0.4,1
2,0,0.7,0.4,1
4,1,0.0,0.1,0
6,2,0.0,0.35,0
8,3,0.0,0.35,2
7,2,0.0,0.3,0
6,2,0.0,0.4,1
3,0,0.7,0.3,0
6,2,0.0,0.35,2
8,3,0.0,0.55,0
7,2,0.0,0.55,2
5,1,0.0,0.45,1
5,2,0.0,0.45,0
7,3,0.0,0.35,1
7,3,0.0,0.55,2
8,3,0.0,0.45,1
4,0,0.0,0.35,1
3,0,0.7,0.55,1
6,2,0.0,0.3,1
7,2,0.0,0.4,0
4,0,0.0,0.35,1
8,2,0.0,0.3,1
7,2,0.0,0.45,1
7,2,0.0,0.55,1
4,0,0.0,0.05,0
7,2,0.0,0.55,2
3,2,0.0,0.55,2
8,3,0.0,0.35,1
4,1,0.0,0.1,0
7,2,0.0,0.3,1
7,2,0.0,0.35,1
8,3,0.0,0.35,1
4,1,0.0,0.1,0
9,3,0.0,0.65,2
9,3,0.0,0.55,2
5,1,0.0,0.3,0
8,3,0.0,0.45,1
6,2,0.0,0.3,2
7,2,0.0,0.55,0
5,2,0.0,0.45,1
7,3,0.0,0.55,1
7,3,0.0,0.45,1
8,3,0.0,0.35,1
4,1,0.0,0.1,0
4,1,0.0,0.05,0
8,3,0.0,0.45,1
7,2,0.0,0.4,1
4,1,0.0,0.05,0
5,1,0.0,0.4,1
8,2,0.0,0.45,1
4,1,0.0,0.55,2
4,1,0.0,0.1,0
5,0,0.7,0.4,1
8,2,0.0,0.65,2
7,1,0.0,0.35,1
6,1,0.0,0.3,1
4,1,0.0,0.4,0
9,2,0.0,0.75,2
10,3,0.0,0.55,2
9,2,0.0,0.45,2
5,1,0.0,0.45,1
4,1,0.0,0.1,0
7,0,0.0,0.35,2
9,3,0.0,0.35,2
5,1,0.0,0.55,1
7,2,0.0,0.45,1
9,3,0.0,0.35,1
8,2,0.0,0.75,2
8,2,0.0,0.6,2
4,1,0.0,0.05,0
4,1,0.0,0.05,0
9,3,0.0,0.45,2
9,2,0.0,0.75,2
8,2,0.0,0.55,2
8,2,0.0,0.65,2
9,3,0.0,0.35,2
4,1,0.0,0.2,1
8,2,0.0,0.45,2
3,0,0.0,0.05,0
5,2,0.3,0.4,1
6,2,0.0,0.35,2
8,3,0.0,0.35,2
4,1,0.0,0.1,0
4,1,0.7,0.25,1
4,1,0.0,0.05,0
8,2,0.3,0.5,2
8,2,0.0,0.45,2
5,2,0.3,0.35,1
7,2,0.0,0.25,1
7,2,0.0,0.45,2
7,2,0.0,0.4,2
7,3,0.0,0.55,2
4,1,0.0,0.05,0
8,3,0.0,0.45,2
7,2,0.0,0.45,1
10,3,0.0,0.55,2
9,3,0.0,0.45,2
7,2,0.0,0.6,0
6,2,0.3,0.4,1
7,2,0.0,0.35,2
7,2,0.0,0.55,2
6,2,0.0,0.55,1
7,2,0.0,0.45,1
7,2,0.0,0.55,2
7,2,0.0,0.65,2
4,1,0.0,0.25,1
7,2,0.0,0.35,2
5,2,0.0,0.55,2
4,1,0.0,0.05,0
9,3,0.0,0.55,2
8,2,0.0,0.65,2
4,1,0.0,0.05,0
5,2,0.0,0.3,0
9,3,0.0,0.35,2
7,2,0.0,0.35,2
7,3,0.0,0.65,1
7,2,0.0,0.45,2
7,2,0.0,0.4,2
7,2,0.0,0.55,2
10,3,0.0,0.45,2
8,2,0.0,0.4,2
4,1,0.0,0.1,0
10,3,0.0,0.45,2
6,2,0.0,0.6,2
4,1,0.0,0.05,0
9,3,0.0,0.35,2
3,0,0.0,0.45,2
8,2,0.0,0.55,2
8,2,0.0,0.4,2
9,3,0.0,0.65,2
8,2,0.0,0.55,2
7,2,0.0,0.4,2
9,3,0.0,0.75,2
8,2,0.0,0.55,2
8,3,0.0,0.55,2
8,2,0.0,0.25,2
7,2,0.0,0.55,2
4,1,0.0,0.05,0
7,2,0.0,0.45,2
4,1,0.0,0.05,0
4,0,0.0,0.3,2
8,2,0.0,0.55,2
9,2,0.0,0.65,2
6,2,0.0,0.4,1
7,1,0.0,0.45,2
4,0,0.0,0.05,0
10,3,0.0,0.65,2
5,0,0.0,0.65,2
4,1,0.0,0.05,0
7,2,0.0,0.8,2
7,2,0.0,0.45,2
3,0,0.7,0.3,1
9,3,0.0,0.55,2
10,3,0.0,0.55,2
8,3,0.0,0.65,2
8,2,0.0,0.5,2
8,2,0.0,0.55,2
7,2,0.0,0.4,2
7,2,0.0,0.5,2
8,3,0.0,0.45,2
10,3,0.0,0.55,2
7,2,0.0,0.65,2
4,1,0.0,0.05,0
8,2,0.0,0.55,2
7,2,0.0,0.35,0
10,3,0.0,0.55,0
9,3,0.0,0.25,2
10,3,0.0,0.45,2
9,3,0.0,0.75,2
7,2,0.0,0.55,2
5,2,0.0,0.4,0
10,3,0.0,0.65,2
4,1,0.0,0.05,0
9,3,0.0,0.65,2
10,3,0.0,0.58,2
7,2,0.0,0.55,1
4,0,0.7,0.3,1
6,1,0.0,0.4,0
5,1,0.0,0.1,0
4,1,0.0,0.05,0
5,2,0.0,0.45,0
4,1,0.0,0.15,1
7,2,0.0,0.45,2
4,1,0.0,0.1,0
4,1,0.0,0.05,0
4,1,0.0,0.05,0
9,3,0.0,0.45,2
8,3,0.0,0.45,2
8,2,0.0,0.55,2
5,2,0.3,0.45,2
8,3,0.0,0.55,2
9,3,0.0,0.6,2
5,1,0.0,0.5,0
7,1,0.0,0.55,2
7,2,0.0,0.45,2
9,3,0.0,0.55,2
8,2,0.0,0.3,2
7,2,0.0,0.45,2
9,3,0.0,0.45,2
9,3,0.0,0.52,1
9,3,0.0,0.55,2
7,2,0.0,0.4,2
4,1,0.0,0.05,2
7,2,0.0,0.55,2
8,2,0.0,0.65,2
8,2,0.0,0.45,2
8,3,0.0,0.55,2
9,3,0.0,0.65,2
4,2,0.3,0.4,1
8,2,0.0,0.45,2
9,3,0.0,0.3,2
8,2,0.0,0.45,1
8,2,0.0,0.55,2
7,2,0.0,0.55,2
9,3,0.0,0.55,2
8,2,0.0,0.35,2
9,3,0.0,0.65,2
4,1,0.0,0.05,0
6,2,0.0,0.5,0
5,2,0.0,0.55,2
4,0,0.0,0.6,2
4,1,0.0,0.15,1
8,3,0.0,0.35,2
4,2,0.0,0.45,0
9,3,0.0,0.85,2
4,1,0.0,0.05,0
4,1,0.0,0.05,0
9,3,0.0,0.55,2
7,2,0.0,0.4,2
7,2,0.0,0.4,2
8,2,0.0,0.45,2
6,1,0.0,0.45,2
9,3,0.0,0.55,2
10,3,0.0,0.45,2
2,0,0.5,0.55,2
7,2,0.0,0.45,2
8,3,0.0,0.55,2
8,3,0.0,0.45,2
4,1,0.0,0.05,0
3,0,0.0,0.5,1
7,2,0.0,0.35,2
10,3,0.0,0.45,2
8,3,0.0,0.45,2
2,0,0.0,0.5,0
9,3,0.0,0.45,2
7,2,0.0,0.55,2
9,3,0.0,0.45,2
9,3,0.0,0.55,2
8,3,0.0,0.45,2
4,1,0.0,0.05,0
9,3,0.0,0.45,2
4,1,0.0,0.05,0
8,3,0.0,0.4,2
4,1,0.0,0.05,0
5,0,0.0,0.6,2
3,0,0.7,0.55,2
7,2,0.0,0.4,2
4,1,0.0,0.05,0
7,2,0.0,0.3,0
2,0,0.0,0.45,1
7,2,0.0,0.3,2
8,3,0.0,0.65,2
3,0,0.0,0.1,0
8,2,0.0,0.65,2
3,0,0.0,0.45,1
7,2,0.0,0.5,2
8,2,0.0,0.45,2
9,3,0.0,0.55,1
3,0,0.0,0.4,2
7,2,0.0,0.65,2
8,2,0.0,0.55,2
8,3,0.0,0.55,1
7,2,0.0,0.35,0
3,0,0.0,0.4,2
6,1,0.0,0.5,2
7,2,0.0,0.55,2
8,2,0.0,0.55,2
10,3,0.0,0.55,2
5,2,0.0,0.55,2
7,2,0.0,0.55,2
8,3,0.0,0.45,2
5,1,0.0,0.55,2
4,1,0.0,0.3,1
7,3,0.7,0.4,2
4,1,0.0,0.05,0
8,2,0.0,0.65,2
7,2,0.0,0.45,2
4,1,0.0,0.1,0
4,1,0.0,0.05,0
4,2,0.0,0.05,0
8,3,0.0,0.55,2
7,3,0.0,0.45,0
7,2,0.0,0.45,2
7,2,0.0,0.45,2
5,2,0.0,0.45,2
8,2,0.0,0.65,2
8,3,0.0,0.45,2
7,2,0.3,0.55,2
5,2,0.7,0.35,2
7,2,0.3,0.55,2
8,3,0.0,0.45,2
8,3,0.0,0.35,2
5,2,0.0,0.45,0
7,3,0.0,0.55,1
3,0,0.3,0.6,0
4,2,0.0,0.45,0
2,0,0.0,0.45,1
6,1,0.3,0.6,1
9,3,0.0,0.65,2
5,2,0.3,0.45,2
5,2,0.0,0.2,1
3,0,0.0,0.05,0
7,3,0.0,0.6,1
7,2,0.0,0.4,2
3,0,0.0,0.45,0
6,1,0.0,0.45,1
6,2,0.0,0.45,0
7,2,0.0,0.45,0
3,0,0.7,0.4,2
7,3,0.0,0.5,0
7,2,0.0,0.45,1
6,2,0.0,0.25,2
6,3,0.0,0.5,0
2,0,0.0,0.05,0
3,0,0.0,0.05,0
6,2,0.0,0.4,2
6,2,0.0,0.45,2
4,1,0.0,0.4,0
4,1,0.0,0.05,0
6,2,0.0,0.45,1
9,3,0.0,0.35,2
7,3,0.0,0.45,2
5,2,0.0,0.45,1
6,2,0.0,0.45,2
4,1,0.0,0.15,0
3,0,0.0,0.05,0
6,2,0.0,0.35,2
1,0,0.0,0.0,0
8,3,0.0,0.6,1
5,1,0.0,0.35,1
4,1,0.0,0.1,0
6,2,0.0,0.3,2
6,1,0.0,0.55,2
7,2,0.0,0.45,1
5,2,0.0,0.35,2
8,2,0.0,0.55,2
7,2,0.0,0.4,2
5,2,0.0,0.65,2
7,2,0.0,0.55,2
2,0,0.7,0.3,0
7,2,0.0,0.45,2
4,1,0.0,0.35,1
7,2,0.0,0.3,2
10,3,0.0,0.45,2
7,2,0.0,0.35,2
6,0,0.0,0.55,2
7,2,0.0,0.35,2
8,3,0.0,0.45,0
5,2,0.0,0.35,1
5,2,0.0,0.4,1
7,2,0.0,0.45,2
4,1,0.0,0.15,0
7,1,0.0,0.45,2
7,2,0.0,0.45,2
7,3,0.0,0.45,2
5,1,0.0,0.5,2
6,2,0.0,0.75,1
3,0,0.0,0.05,0
7,2,0.0,0.4,1
7,3,0.0,0.45,2
8,2,0.0,0.65,2
6,2,0.0,0.3,1
9,3,0.0,0.75,2
6,1,0.0,0.35,2
5,2,0.0,0.33,1
8,3,0.0,0.65,1
7,2,0.0,0.5,2
8,3,0.0,0.45,2
7,2,0.0,0.35,0
2,0,0.0,0.05,0
4,1,0.0,0.05,0
5,2,0.0,0.45,0
7,2,0.0,0.45,2
5,2,0.0,0.3,0
7,3,0.0,0.4,0
6,2,0.0,0.4,1
5,2,0.0,0.4,1
5,2,0.0,0.3,0
7,2,0.0,0.35,2
2,0,0.0,0.35,1
4,1,0.0,0.4,2
7,2,0.0,0.35,2
8,2,0.0,0.45,0
6,2,0.0,0.5,2
4,1,0.0,0.1,0
4,1,0.0,0.05,0
3,0,0.0,0.2,0
4,1,0.0,0.05,0
5,2,0.0,0.35,1
4,1,0.0,0.05,0
2,0,0.7,0.35,0
5,1,0.0,0.65,2
4,1,0.0,0.5,0
7,2,0.0,0.4,1
5,1,0.0,0.3,2
7,2,0.0,0.35,1
7,3,0.0,0.4,1
6,2,0.0,0.4,0
5,1,0.0,0.45,1
3,0,0.0,0.55,0
4,1,0.0,0.05,0
7,2,0.0,0.3,1
4,2,0.0,0.1,0
5,1,0.0,0.45,1
4,0,0.0,0.05,0
5,2,0.0,0.45,0
2,0,0.7,0.4,0
7,2,0.0,0.35,0
7,2,0.0,0.3,2
6,3,0.0,0.35,1
8,3,0.0,0.35,2
9,3,0.0,0.45,2
7,2,0.0,0.45,2
5,1,0.0,0.35,2
2,0,0.0,0.05,0
8,3,0.0,0.55,1
8,3,0.0,0.5,2
8,1,0.0,0.65,2
8,2,0.0,0.45,2
10,3,0.0,0.35,2
4,1,0.0,0.1,0
7,2,0.0,0.55,2
8,3,0.0,0.55,1
6,1,0.0,0.55,2
9,3,0.0,0.55,2
7,2,0.0,0.35,2
8,3,0.0,0.55,1
4,0,0.0,0.45,1
7,2,0.0,0.35,2
5,1,0.0,0.45,1
9,3,0.0,0.65,2
8,2,0.0,0.4,2
7,2,0.0,0.55,2
2,0,0.7,0.6,1
8,2,0.0,0.35,2
9,2,0.0,0.4,2
7,2,0.0,0.45,1
3,0,0.0,0.45,2
7,2,0.0,0.35,2
8,3,0.0,0.55,2
8,3,0.0,0.35,2
7,2,0.0,0.4,2
5,1,0.0,0.5,0
9,3,0.0,0.55,2
4,1,0.0,0.1,0
7,2,0.0,0.55,2
7,3,0.0,0.45,2
8,2,0.0,0.4,2
7,2,0.0,0.45,1
5,1,0.0,0.35,2
8,2,0.0,0.4,2
9,3,0.0,0.55,2
8,2,0.0,0.35,2
5,2,0.0,0.4,1
5,1,0.0,0.5,0
9,3,0.0,0.6,2
9,3,0.0,0.65,2
9,3,0.0,0.58,2
2,0,0.7,0.65,1
8,3,0.0,0.45,1
3,0,0.0,0.05,0
8,2,0.0,0.45,2
8,3,0.0,0.55,2
3,0,0.0,0.35,1
8,2,0.0,0.45,2
7,2,0.0,0.4,2
7,2,0.0,0.5,2
2,0,0.0,0.4,1
5,2,0.0,0.5,0
8,3,0.0,0.65,2
3,0,0.0,0.45,2
7,2,0.0,0.45,1
4,1,0.0,0.05,0
4,0,0.0,0.45,2
8,2,0.0,0.6,2
8,3,0.0,0.45,2
6,2,0.0,0.4,1
10,3,0.0,0.45,2
7,2,0.0,0.45,2
5,2,0.0,0.4,1
8,2,0.0,0.35,2
6,2,0.0,0.45,2
9,3,0.0,0.55,2
5,1,0.0,0.4,2
4,1,0.0,0.1,0
3,0,0.0,0.65,0
9,3,0.0,0.45,2
6,2,0.0,0.3,1
8,3,0.0,0.55,1
7,2,0.0,0.45,2
8,3,0.0,0.45,1
4,1,0.0,0.05,0
3,0,0.3,0.5,2
9,3,0.0,0.55,2
8,3,0.0,0.5,2
4,1,0.0,0.05,0
6,2,0.0,0.4,2
7,3,0.0,0.2,1
5,2,0.0,0.45,2
6,1,0.0,0.4,1
4,1,0.0,0.05,0
8,3,0.0,0.55,2
7,2,0.0,0.35,0
7,2,0.0,0.45,1
5,1,0.0,0.45,1
3,0,0.0,0.55,1
5,2,0.7,0.5,0
4,2,0.0,0.6,1
8,2,0.0,0.55,0
8,3,0.0,0.4,2
5,2,0.0,0.2,0
7,2,0.0,0.55,1
5,1,0.0,0.45,1
7,2,0.0,0.45,1
7,2,0.0,0.55,1
7,3,0.0,0.55,1
4,1,0.0,0.1,0
3,0,0.0,0.2,1
7,2,0.0,0.45,0
6,2,0.0,0.45,1
8,3,0.0,0.35,1
9,3,0.0,0.4,2
7,2,0.0,0.35,2
8,3,0.0,0.45,1
8,3,0.0,0.5,1
7,2,0.0,0.45,2
8,0,0.0,0.5,2
8,2,0.0,0.45,2
3,0,0.0,0.3,0
8,3,0.0,0.45,0
8,3,0.0,0.55,2
9,3,0.0,0.55,2
6,3,0.0,0.55,0
6,2,0.0,0.45,2
3,1,0.0,0.4,0
7,2,0.0,0.3,1
9,3,0.0,0.3,1
7,2,0.0,0.45,0
8,3,0.0,0.35,2
5,1,0.0,0.5,0
7,2,0.0,0.55,1
7,2,0.0,0.45,2
8,3,0.0,0.45,1
7,2,0.0,0.4,2
9,3,0.0,0.65,2
9,3,0.0,0.65,2
7,2,0.0,0.35,1
8,3,0.0,0.45,1
5,1,0.0,0.4,0
9,3,0.0,0.55,2
4,1,0.0,0.1,0
6,2,0.0,0.4,1
7,2,0.0,0.35,0
6,3,0.0,0.15,1
8,3,0.0,0.45,1
9,3,0.0,0.55,2
7,2,0.0,0.65,2
4,1,0.0,0.1,0
7,2,0.0,0.57,1
6,2,0.3,0.4,1
5,1,0.0,0.35,2
7,2,0.0,0.35,0
7,2,0.0,0.4,0
5,2,0.0,0.45,0
8,3,0.0,0.35,0
7,1,0.0,0.4,2
6,2,0.0,0.25,2
7,2,0.0,0.35,2
4,1,0.0,0.55,0
8,3,0.0,0.45,2
5,1,0.0,0.15,0
7,2,0.0,0.4,0
5,2,0.0,0.45,1
3,2,0.0,0.35,0
2,0,0.0,0.05,0
4,0,0.0,0.05,0
4,1,0.0,0.35,1
7,3,0.0,0.4,2
5,1,0.0,0.45,1
5,2,0.0,0.35,0
3,2,0.0,0.5,0
5,2,0.0,0.4,1
6,2,0.0,0.4,0
6,2,0.0,0.4,1
3,0,0.0,0.05,0
5,2,0.0,0.3,1
6,2,0.0,0.35,0
4,2,0.0,0.4,0
4,1,0.0,0.45,0
5,2,0.0,0.35,1
7,2,0.0,0.45,2
5,2,0.0,0.35,1
8,3,0.0,0.6,0
4,1,0.0,0.1,0
7,3,0.0,0.35,2
4,2,0.0,0.35,1
5,2,0.0,0.45,1
7,3,0.0,0.75,0
5,2,0.0,0.15,0
4,1,0.0,0.56,0
5,1,0.0,0.45,1
4,1,0.0,0.15,0
5,2,0.0,0.35,0
8,3,0.0,0.65,1
4,1,0.0,0.05,0
6,2,0.0,0.35,2
5,1,0.0,0.5,1
7,3,0.0,0.45,2
9,3,0.0,0.65,2
7,3,0.0,0.55,2
7,2,0.0,0.55,2
8,3,0.0,0.55,2
7,2,0.0,0.4,1
8,1,0.0,0.65,2
7,2,0.0,0.55,2
7,2,0.0,0.5,2
5,0,0.0,0.45,2
6,1,0.0,0.45,2
7,2,0.0,0.35,2
5,2,0.0,0.45,2
2,0,0.7,0.55,0
7,2,0.0,0.55,2
7,2,0.0,0.55,2
3,1,0.0,0.4,0
6,2,0.0,0.5,2
7,2,0.0,0.65,2
4,1,0.0,0.05,0
6,2,0.0,0.25,0
7,2,0.0,0.55,2
5,2,0.0,0.3,1
3,0,0.0,0.05,0
4,1,0.0,0.25,1
6,2,0.0,0.35,2
6,2,0.0,0.55,1
7,2,0.0,0.35,1
8,3,0.0,0.55,2
4,1,0.0,0.35,0
4,1,0.7,0.45,0
5,1,0.0,0.35,1
5,1,0.0,0.35,1
4,1,0.0,0.1,0
5,2,0.0,0.45,1
7,2,0.0,0.25,1
6,3,0.0,0.4,1
3,0,0.0,0.58,2
5,2,0.0,0.3,1
3,0,0.0,0.3,1
7,2,0.0,0.65,2
3,0,0.0,0.45,1
5,2,0.0,0.6,0
6,3,0.0,0.55,2
5,2,0.0,0.4,1
5,2,0.0,0.45,1
5,1,0.0,0.65,1
4,1,0.0,0.1,0
7,3,0.0,0.55,2
7,2,0.0,0.4,0
7,2,0.0,0.65,1
8,3,0.0,0.55,0
2,0,0.7,0.1,0
7,2,0.0,0.35,0
6,2,0.0,0.45,2
2,0,0.7,0.3,0
5,2,0.0,0.35,1
3,0,0.7,0.3,0
7,2,0.0,0.45,1
7,3,0.0,0.55,1
4,1,0.0,0.15,2
4,1,0.0,0.05,0
7,3,0.0,0.45,1
5,1,0.0,0.4,1
2,0,0.0,0.35,1
5,2,0.0,0.4,1
4,1,0.0,0.4,1
6,1,0.0,0.6,2
5,2,0.0,0.4,1
4,1,0.0,0.1,0
5,2,0.0,0.4,1
7,2,0.0,0.5,1
4,1,0.0,0.05,0
5,2,0.0,0.45,1
9,3,0.0,0.55,2
8,3,0.0,0.35,2
7,2,0.0,0.35,1
2,0,0.0,0.2,0
1,0,0.0,0.1,0
7,2,0.0,0.3,1
8,3,0.0,0.55,0
4,1,0.0,0.3,2
3,0,0.0,0.45,1
3,0,0.0,0.05,0
2,0,0.7,0.7,0
5,2,0.0,0.55,1
7,2,0.0,0.35,0
6,2,0.0,0.45,1
8,3,0.0,0.5,2
7,3,0.0,0.3,1
8,3,0.0,0.4,1
3,0,0.0,0.45,1
5,2,0.0,0.45,2
6,2,0.0,0.4,0
4,1,0.0,0.5,0
5,2,0.0,0.35,1
7,2,0.0,0.45,2
4,1,0.0,0.05,0
5,2,0.0,0.3,0
4,1,0.0,0.45,2
5,2,0.0,0.35,1
5,1,0.0,0.4,2
7,3,0.0,0.4,2
5,1,0.0,0.6,2
5,2,0.0,0.35,0
4,1,0.0,0.1,0
4,0,0.0,0.45,1
7,3,0.0,0.4,1
5,1,0.0,0.55,2
4,2,0.0,0.55,2
6,2,0.0,0.35,2
5,1,0.0,0.25,2
6,3,0.0,0.4,1
3,0,0.0,0.05,0
3,0,0.0,0.05,0
6,1,0.0,0.35,1
4,0,0.0,0.45,1
5,2,0.0,0.25,1
4,1,0.0,0.5,1
7,2,0.0,0.35,1
5,2,0.0,0.5,0
5,2,0.0,0.35,1
4,0,0.0,0.4,1
7,2,0.0,0.55,1
4,1,0.0,0.3,1
5,2,0.0,0.45,0
4,1,0.0,0.05,0
7,2,0.0,0.6,2
5,2,0.0,0.45,2
5,2,0.0,0.5,0
4,1,0.0,0.05,0
4,1,0.0,0.55,0
3,0,0.3,0.4,1
4,2,0.0,0.45,0
4,1,0.0,0.05,0
6,1,0.0,0.45,2
6,2,0.0,0.4,1
6,2,0.0,0.45,2
6,2,0.0,0.35,1
8,3,0.0,0.55,1
4,1,0.0,0.1,0
6,2,0.0,0.45,1
5,1,0.0,0.45,1
4,1,0.0,0.15,0
4,1,0.0,0.1,0
7,2,0.0,0.45,2
4,0,1.0,0.4,1
7,3,0.0,0.5,0
4,1,0.0,0.05,0
4,2,0.0,0.55,0
4,1,0.0,0.45,0
8,3,0.0,0.55,2
4,1,0.0,0.45,0
4,1,0.0,0.35,0
4,1,0.0,0.05,0
4,1,0.0,0.05,0
4,1,0.0,0.45,0
8,2,0.0,0.35,0
5,2,0.0,0.35,0
8,3,0.0,0.65,1
3,1,0.0,0.3,0
5,1,0.0,0.45,1
4,1,0.0,0.05,0
2,0,0.0,0.45,0
4,1,0.0,0.05,0
4,0,0.7,0.55,2
5,1,0.0,0.55,2
7,2,0.0,0.45,2
9,3,0.0,0.45,2
4,1,0.3,0.1,0
7,2,0.0,0.6,2
4,0,0.0,0.35,1
9,3,0.0,0.65,1
4,1,0.0,0.35,0
4,1,0.0,0.35,1
3,0,0.0,0.05,0
1,0,0.0,0.0,0
6,1,0.0,0.35,0
2,0,0.0,0.45,1
6,2,0.0,0.2,0
7,2,0.0,0.4,2
4,1,0.0,0.35,2
6,2,0.0,0.55,2
7,3,0.0,0.65,2
8,2,0.0,0.5,2
2,0,0.0,0.45,0
7,2,0.0,0.55,1
5,1,0.0,0.25,1
5,2,0.0,0.45,1
8,3,0.0,0.4,1
4,1,0.0,0.1,0
7,2,0.0,0.55,2
3,0,0.0,0.05,0
4,1,0.0,0.05,0
6,1,0.0,0.25,2
4,1,0.0,0.05,0
5,0,0.0,0.4,2
4,1,0.0,0.1,0
4,1,0.0,0.05,0
5,2,0.0,0.4,0
5,2,0.0,0.45,1
4,2,0.0,0.4,0
2,0,0.7,0.55,1
4,1,0.0,0.3,0
3,0,0.0,0.05,0
7,2,0.0,0.3,1
4,0,0.0,0.05,0
4,1,0.0,0.05,0
4,1,0.0,0.35,1
4,1,0.3,0.4,1
7,2,0.3,0.45,0
5,1,0.0,0.45,1
2,0,0.7,0.6,1
4,1,0.0,0.3,0
9,3,0.0,0.5,2
5,2,0.0,0.35,0
3,0,0.0,0.45,0
6,2,0.3,0.4,1
8,3,0.0,0.75,2
9,3,0.3,0.55,2
5,2,0.0,0.5,2
2,0,0.0,0.45,1
4,2,0.0,0.2,1
4,0,0.0,0.35,1
4,0,0.0,0.35,1
5,2,0.0,0.15,2
8,3,0.0,0.65,2
4,1,0.0,0.05,0
7,2,0.0,0.55,2
9,2,0.0,0.75,2
7,2,0.0,0.45,2
5,1,0.3,0.4,2
9,3,0.0,0.55,2
10,3,0.0,0.3,0
8,2,0.0,0.65,2
7,1,0.0,0.65,1
8,3,0.0,0.35,2
5,1,0.0,0.1,0
5,2,0.0,0.2,0
7,2,0.0,0.55,2
9,3,0.0,0.35,2
3,0,0.0,0.4,2
7,2,0.0,0.4,2
8,2,0.0,0.4,2
7,2,0.0,0.45,2
8,2,0.0,0.45,2
7,2,0.0,0.3,0
7,2,0.0,0.35,1
9,3,0.0,0.45,2
5,1,0.0,0.2,0
7,2,0.0,0.45,1
10,3,0.0,0.45,2
5,1,0.0,0.5,0
9,3,0.0,0.45,2
8,1,0.0,0.35,2
2,0,0.0,0.7,1
10,3,0.0,0.35,2
9,3,0.0,0.55,2
8,2,0.0,0.55,2
8,3,0.0,0.5,2
7,2,0.0,0.55,1
8,3,0.0,0.45,2
7,2,0.0,0.55,2
6,2,0.0,0.5,1
7,2,0.0,0.55,2
4,2,0.0,0.8,1
6,2,0.0,0.45,1
4,1,0.0,0.1,0
8,3,0.0,0.5,2
9,2,0.0,0.45,2
9,3,0.0,0.55,2
9,3,0.0,0.55,2
7,2,0.0,0.45,2
7,2,0.0,0.5,2
9,3,0.0,0.65,2
10,3,0.0,0.55,2
7,1,0.0,0.15,2
8,2,0.0,0.45,2
7,2,0.0,0.4,2
4,1,0.0,0.05,0
5,2,0.0,0.25,1
7,2,0.0,0.4,1
3,0,0.0,0.05,0
3,0,0.0,0.55,1
4,1,0.0,0.1,0
7,2,0.0,0.4,2
9,3,0.0,0.45,2
7,3,0.0,0.45,2
8,2,0.0,0.45,2
3,0,0.0,0.0,0
9,3,0.0,0.55,2
8,3,0.0,0.55,2
5,1,0.0,0.25,2
4,1,0.0,0.05,0
7,3,0.0,0.4,1
10,3,0.0,0.4,2
6,2,0.0,0.35,2
8,2,0.0,0.55,2
9,3,0.0,0.75,0
4,1,0.0,0.05,0
8,2,0.0,0.55,2
9,3,0.0,0.55,2
4,1,0.0,0.05,0
4,1,0.0,0.05,0
4,0,0.0,0.65,1
5,2,0.0,0.45,1
2,0,0.3,0.6,2
2,0,0.0,0.35,1
4,1,0.0,0.05,0
10,3,0.0,0.55,2
10,3,0.0,0.55,2
8,3,0.0,0.45,1
7,2,0.0,0.4,2
8,2,0.0,0.55,2
7,2,0.0,0.4,2
8,3,0.0,0.45,2
4,1,0.0,0.05,0
9,3,0.0,0.45,2
9,3,0.0,0.45,2
10,3,0.0,0.55,1
7,2,0.0,0.3,2
8,2,0.0,0.45,2
9,3,0.0,0.55,2
8,3,0.0,0.55,2
2,0,0.0,0.45,1
7,2,0.0,0.5,1
4,1,0.0,0.1,0
4,0,0.0,0.05,0
8,2,0.0,0.55,2
7,3,0.0,0.35,0
8,2,0.0,0.45,2
7,2,0.0,0.35,2
9,2,0.0,0.45,2
4,3,0.0,0.3,2
8,3,0.0,0.65,1
7,2,0.0,0.4,2
3,0,1.0,0.3,2
7,2,0.0,0.35,2
7,2,0.0,0.55,2
2,0,0.7,0.45,1
9,3,0.0,0.45,2
7,2,0.0,0.35,2
7,2,0.0,0.4,2
5,2,0.0,0.55,1
6,2,0.0,0.35,1
8,2,0.0,0.55,1
6,2,0.0,0.55,1
8,2,0.0,0.65,2
4,1,0.0,0.05,0
5,2,0.0,0.35,1
7,2,0.0,0.25,1
7,3,0.0,0.3,1
9,3,0.0,0.85,2
10,3,0.0,0.65,2
3,0,0.0,0.05,0
8,2,0.0,0.4,2
6,2,0.0,0.4,2
8,3,0.0,0.55,2
8,3,0.0,0.65,1
9,3,0.0,0.65,2
4,1,0.0,0.1,0
9,3,0.0,0.55,0
9,3,0.0,0.45,1
9,3,0.0,0.4,1
3,0,0.0,0.25,0
6,2,0.0,0.45,1
4,1,0.0,0.05,0
7,2,0.0,0.45,1
7,2,0.0,0.35,2
9,3,0.0,0.65,2
8,3,0.0,0.65,1
8,2,0.0,0.55,2
3,0,0.0,0.55,1
7,3,0.0,0.45,1
7,2,0.0,0.35,2
7,2,0.0,0.35,2
6,1,0.0,0.35,1
5,1,0.0,0.05,0
5,2,0.0,0.45,1
8,3,0.0,0.45,2
7,2,0.0,0.45,2
6,2,0.0,0.45,1
7,3,0.0,0.45,2
7,2,0.0,0.55,1
7,2,0.0,0.45,2
6,2,0.0,0.35,1
6,2,0.0,0.4,1
4,1,0.0,0.3,1
4,1,0.0,0.35,1
4,1,0.0,0.1,0
5,1,0.0,0.3,1
5,1,0.0,0.3,1
9,3,0.0,0.55,2
6,1,0.0,0.55,1
2,0,0.0,0.55,0
7,0,0.0,0.55,0
6,2,0.0,0.45,1
7,3,0.0,0.35,2
3,2,0.7,0.4,0
9,3,0.0,0.75,2
4,1,0.0,0.1,0
7,1,0.0,0.65,1
6,2,0.0,0.4,1
7,2,0.0,0.45,2
9,0,0.0,0.75,1
4,1,0.0,0.1,0
9,3,0.0,0.55,2
4,0,0.0,0.05,0
5,1,0.3,0.2,1
7,2,0.0,0.55,1
7,2,0.0,0.35,0
5,3,0.3,0.3,0
8,2,0.0,0.55,1
4,1,0.0,0.1,0
5,1,0.0,0.05,0
7,2,0.0,0.55,1
4,0,0.3,0.1,0
7,1,0.0,0.45,0
2,0,0.7,0.2,0
9,2,0.0,0.45,2
7,2,0.0,0.35,1
9,3,0.0,0.55,1
7,2,0.0,0.4,1
7,2,0.0,0.55,1
2,0,0.0,0.5,2
4,1,0.0,0.1,0
4,2,0.0,0.45,2
8,2,0.0,0.4,1
7,3,0.0,0.25,1
3,0,0.0,0.45,1
2,2,0.0,0.3,1
4,1,0.0,0.1,0
4,1,0.0,0.15,0
7,3,0.0,0.31,1
9,3,0.0,0.4,1
4,1,0.0,0.05,0
5,1,0.0,0.35,1
8,3,0.0,0.45,2
2,0,0.0,0.55,0
8,2,0.0,0.55,1
6,2,0.0,0.4,1
7,2,0.0,0.35,1
5,2,0.0,0.35,1
7,3,0.0,0.25,1
7,2,0.0,0.3,1
7,2,0.0,0.45,1
7,2,0.0,0.45,1
5,2,0.0,0.45,1
3,0,0.0,0.05,0
6,1,0.0,0.3,0
7,2,0.0,0.25,2
4,0,0.0,0.05,0
4,2,0.0,0.15,1
7,2,0.0,0.35,2
6,1,0.0,0.65,2
5,1,0.0,0.5,0
8,3,0.0,0.55,2
9,3,0.0,0.35,2
4,1,0.0,0.25,1
7,2,0.0,0.2,2
4,1,0.0,0.05,0
3,0,0.0,0.35,1
5,2,0.0,0.45,1
7,3,0.0,0.3,0
4,2,0.0,0.3,1
9,3,0.0,0.45,2
4,0,0.3,0.65,2
4,1,0.0,0.05,0
6,2,0.0,0.25,1
4,1,0.0,0.1,0
3,0,0.0,0.55,1
4,1,0.0,0.05,0
3,0,0.0,0.05,0
7,1,0.0,0.45,2
5,1,0.0,0.45,2
7,2,0.0,0.55,2
8,3,0.0,0.55,2
7,2,0.0,0.45,2
4,1,0.0,0.05,0
7,2,0.0,0.45,1
9,3,0.0,0.75,2
5,1,0.0,0.1,0
4,1,0.0,0.05,0
4,1,0.0,0.15,0
3,0,0.0,0.05,0
5,1,0.0,0.3,2
7,2,0.0,0.55,1
7,2,0.0,0.5,2
5,2,0.0,0.35,0
5,1,0.0,0.55,1
5,2,0.0,0.45,2
9,3,0.0,0.45,2
6,2,0.0,0.3,1
7,2,0.0,0.35,0
7,2,0.0,0.45,1
5,2,0.0,0.45,1
3,1,0.0,0.4,0
7,2,0.0,0.45,1
5,2,0.0,0.35,1
7,2,0.0,0.35,1
7,2,0.0,0.45,2
5,1,0.0,0.45,0
6,2,0.0,0.35,2
8,3,0.0,0.45,0
6,2,0.0,0.25,1
7,2,0.0,0.45,1
4,1,0.0,0.5,1
7,2,0.0,0.35,0
6,1,0.0,0.55,1
5,2,0.0,0.4,1
6,2,0.0,0.35,2
4,1,0.0,0.2,0
9,2,0.0,0.45,1
6,2,0.0,0.45,0
9,3,0.0,0.45,2
7,2,0.0,0.45,0
8,3,0.0,0.55,2
5,2,0.0,0.45,2
8,3,0.0,0.5,2
7,2,0.0,0.15,2
7,2,0.0,0.3,0
8,3,0.0,0.65,2
3,0,0.0,0.05,0
7,2,0.0,0.45,2
4,1,0.3,0.6,2
7,2,0.0,0.55,2
7,2,0.0,0.65,2
7,2,0.0,0.55,2
3,0,0.0,0.05,1
4,1,0.0,0.05,0
3,0,0.0,0.05,0
7,2,0.0,0.35,0
5,2,0.0,0.25,0
8,3,0.0,0.65,1
4,1,0.0,0.4,1
4,1,0.0,0.1,0
6,2,0.0,0.4,1
8,3,0.0,0.45,2
4,1,0.0,0.05,0
5,2,0.0,0.35,2
4,1,0.0,0.35,2
6,2,0.0,0.5,2
9,2,0.0,0.55,2
8,3,0.0,0.4,2
5,1,0.0,0.55,2
7,2,0.3,0.4,2
8,3,0.0,0.35,1
6,2,0.7,0.55,2
4,1,0.0,0.05,0
4,0,0.0,0.45,2
5,3,0.0,0.2,1
6,2,0.0,0.4,2
7,3,0.0,0.55,2
4,1,0.0,0.05,0
3,0,0.0,0.05,0
5,1,0.0,0.35,2
7,3,0.0,0.55,2
7,2,0.0,0.25,0
4,1,0.0,0.05,0
7,3,0.0,0.55,2
7,2,0.0,0.35,1
3,0,0.0,0.45,0
5,1,0.0,0.3,0
7,3,0.0,0.45,1
4,1,0.0,0.45,1
3,0,0.0,0.45,2
5,1,0.0,0.5,0
8,3,0.0,0.65,2
7,2,0.0,0.55,2
5,2,0.0,0.65,2
5,1,0.0,0.5,0
4,1,0.0,0.4,2
5,2,0.0,0.2,1
4,1,0.0,0.05,0
4,1,0.0,0.05,0
4,1,0.0,0.05,0
2,0,0.0,0.55,0
4,0,0.7,0.55,0
7,3,0.0,0.55,0
7,3,0.0,0.2,1
4,1,0.0,0.05,0
8,3,0.0,0.55,2
4,1,0.0,0.05,0
3,0,0.0,0.05,0
7,2,0.0,0.25,0
8,2,0.0,0.35,1
4,1,0.0,0.1,0
4,1,0.0,0.1,0
4,2,0.0,0.35,0
5,2,0.0,0.25,0
5,1,0.0,0.35,1
7,2,0.0,0.3,0
4,1,0.0,0.05,0
5,1,0.0,0.05,1
9,3,0.0,0.45,2
9,3,0.0,0.75,1
4,1,0.0,0.05,0
5,2,0.0,0.45,1
8,3,0.0,0.65,1
1,0,0.7,0.0,0
7,2,0.0,0.45,2
9,2,0.0,0.6,2
4,1,0.0,0.1,0
7,2,0.0,0.35,2
5,2,0.0,0.45,1
4,1,0.0,0.05,0
4,1,0.0,0.05,0
9,3,0.0,0.45,1
8,3,0.0,0.45,1
5,1,0.0,0.4,0
7,2,0.0,0.55,1
5,1,0.0,0.5,2
5,2,0.0,0.35,2
3,0,0.7,0.3,0
7,2,0.0,0.6,1
7,2,0.0,0.4,2
5,2,0.0,0.35,2
9,3,0.0,0.45,2
7,3,0.0,0.45,2
7,3,0.0,0.45,2
5,2,0.0,0.3,2
7,2,0.0,0.35,2
7,2,0.0,0.3,2
5,2,0.0,0.25,2
6,2,0.0,0.35,2
7,3,0.0,0.35,2
4,1,0.0,0.1,0
7,2,0.0,0.65,2
8,3,0.0,0.25,2
8,1,0.0,0.45,2
4,1,0.0,0.1,0
7,2,0.0,0.45,2
7,2,0.0,0.55,0
6,2,0.0,0.45,2
5,1,0.0,0.55,1
8,3,0.0,0.45,2
8,3,0.0,0.4,2
9,3,0.0,0.65,2
9,3,0.0,0.45,1
7,2,0.0,0.55,2
4,1,0.0,0.1,0
4,1,0.0,0.05,0
5,1,0.0,0.45,2
4,1,0.0,0.3,2
6,2,0.0,0.45,1
7,3,0.0,0.45,1
8,2,0.0,0.45,2
7,2,0.0,0.5,2
7,2,0.0,0.45,2
3,0,0.0,0.55,1
5,1,0.0,0.5,2
7,2,0.0,0.35,1
6,2,0.0,0.5,1
8,2,0.0,0.55,2
8,3,0.0,0.55,2
7,2,0.0,0.45,1
8,2,0.0,0.45,2
9,3,0.0,0.75,2
8,2,0.0,0.55,2
9,3,0.0,0.5,2
7,2,0.0,0.4,2
8,2,0.3,0.65,2
7,2,0.0,0.4,2
6,2,0.0,0.35,2
7,2,0.0,0.55,2
8,2,0.0,0.55,2
5,2,0.0,0.35,1
3,1,0.0,0.3,2
7,2,0.3,0.75,2
5,0,0.0,0.45,2
8,3,0.3,0.45,2
4,1,0.0,0.1,0
4,1,0.0,0.05,0
4,1,0.0,0.05,0
7,2,0.0,0.45,2
7,3,0.0,0.55,1
8,2,0.0,0.7,2
9,3,0.0,0.65,2
7,0,0.0,0.5,2
9,3,0.0,0.45,2
7,0,0.0,0.55,2
8,3,0.0,0.55,2
10,3,0.0,0.55,2
9,3,0.0,0.45,2
5,2,0.0,0.45,2
7,2,0.0,0.45,1
3,0,0.0,0.65,2
8,3,0.0,0.45,1
8,3,0.3,0.65,2
4,1,0.0,0.1,0
8,2,0.0,0.4,2
5,1,0.7,0.3,2
5,2,0.0,0.25,1
7,2,0.0,0.45,2
7,2,0.0,0.35,2
7,3,0.0,0.4,1
7,3,0.0,0.45,2
9,3,0.0,0.65,1
7,2,0.0,0.5,2
3,0,0.0,0.55,1
5,2,0.0,0.45,1
6,2,0.0,0.4,2
6,2,0.0,0.4,1
9,3,0.0,0.75,2
7,2,0.0,0.35,2
7,2,0.0,0.55,2
5,2,0.0,0.4,2
4,2,0.3,0.6,1
8,3,0.0,0.45,2
7,2,0.0,0.35,2
7,2,0.0,0.4,2
6,2,0.0,0.55,1
8,3,0.0,0.5,2
8,3,0.0,0.3,2
7,2,0.0,0.4,1
8,3,0.0,0.45,2
9,3,0.0,0.55,2
8,3,0.0,0.35,2
7,2,0.0,0.35,2
10,2,0.0,0.65,2
9,3,0.3,0.65,2
5,1,0.0,0.05,0
10,3,0.0,0.65,2
9,3,0.0,0.45,2
9,3,0.0,0.4,2
9,3,0.0,0.35,2
9,3,0.0,0.45,2
9,3,0.0,0.35,2
5,1,0.0,0.35,1
9,2,0.0,0.55,2
5,2,0.0,0.4,0
7,2,0.0,0.45,1
9,3,0.0,0.45,2
7,3,0.0,0.05,0
8,2,0.0,0.35,2
7,2,0.0,0.45,2
7,2,0.0,0.55,2
7,2,0.0,0.35,2
5,1,0.0,0.1,0
9,3,0.0,0.65,2
7,2,0.0,0.65,2
6,2,0.0,0.45,1
8,3,0.0,0.5,2
8,2,0.0,0.5,2
7,2,0.0,0.35,2
7,2,0.0,0.4,2
7,2,0.0,0.55,2
5,1,0.0,0.5,0
7,2,0.0,0.35,2
9,3,0.0,0.75,2
8,2,0.0,0.5,2
7,2,0.0,0.45,1
1,0,0.0,0.1,0
9,3,0.0,0.45,0
6,2,0.0,0.5,2
9,3,0.0,0.45,2
9,3,0.0,0.4,2
9,3,0.0,0.65,2
8,3,0.3,0.5,1
8,3,0.3,0.45,2
4,1,0.0,0.2,1
7,2,0.0,0.65,2
8,2,0.0,0.55,2
7,2,0.0,0.65,2
8,3,0.0,0.4,2
7,2,0.3,0.45,2
8,3,0.0,0.55,2
9,3,0.0,0.25,2
9,3,0.0,0.35,2
9,3,0.0,0.52,2
9,3,0.0,0.45,2
9,3,0.0,0.35,1
8,2,0.0,0.65,2
9,3,0.0,0.45,2
7,3,0.0,0.05,1
9,3,0.0,0.35,2
8,2,0.0,0.65,2
9,3,0.0,0.52,2
9,3,0.0,0.55,2
7,2,0.0,0.45,2
5,0,1.0,0.35,2
7,2,0.0,0.45,1
8,2,0.0,0.35,2
9,3,0.0,0.65,2
7,2,0.0,0.35,0
6,1,0.0,0.4,1
8,3,0.3,0.55,0
7,2,0.0,0.4,2
3,0,0.0,0.75,2
9,3,0.0,0.45,2
9,3,0.0,0.5,2
9,3,0.0,0.58,2
6,2,0.0,0.3,2
8,3,0.0,0.35,2
7,2,0.0,0.35,2
7,2,0.0,0.55,2
6,2,0.0,0.25,2
7,2,0.0,0.55,2
8,3,0.0,0.4,2
8,3,0.0,0.3,2
8,2,0.0,0.4,2
8,2,0.0,0.45,2
7,2,0.0,0.35,2
8,3,0.0,0.45,2
5,2,0.0,0.45,0
8,2,0.0,0.5,2
7,3,0.0,0.4,2
7,2,0.0,0.4,2
7,2,0.3,0.55,2
10,3,0.0,0.55,0
6,2,0.0,0.35,1
3,0,0.3,0.6,2
10,2,0.0,0.55,2
10,1,0.0,0.75,1
8,3,0.0,0.55,2
8,2,0.0,0.45,2
8,2,0.0,0.5,2
6,2,0.0,0.4,2
9,3,0.0,0.6,2
7,2,0.0,0.45,2
9,0,0.7,0.45,2
9,3,0.0,0.55,2
7,2,0.0,0.2,1
7,2,0.0,0.45,2
7,2,0.0,0.4,2
4,0,0.7,0.2,1
8,2,0.0,0.45,1
7,3,0.0,0.65,2
7,1,0.0,0.55,2
8,3,0.0,0.55,2
8,2,0.0,0.55,2
7,3,0.0,0.45,2
7,2,0.0,0.35,2
9,3,0.0,0.45,2
8,3,0.0,0.45,2
9,3,0.0,0.45,2
7,2,0.0,0.45,2
7,2,0.0,0.45,2
8,3,0.0,0.45,2
7,2,0.0,0.45,2
9,3,0.0,0.55,2
6,2,0.0,0.35,2
8,3,0.0,0.65,2
5,3,0.0,0.55,0
8,2,0.0,0.55,2
8,2,0.3,0.55,2
8,2,0.0,0.45,2
7,3,0.0,0.35,1
9,3,0.0,0.55,1
6,2,0.0,0.7,2
7,2,0.0,0.5,0
10,3,0.0,0.55,2
7,2,0.0,0.35,2
9,3,0.0,0.65,2
7,2,0.0,0.45,2
7,2,0.0,0.55,1
7,3,0.0,0.35,0
9,3,0.0,0.35,2
8,3,0.0,0.55,2
9,3,0.0,0.5,2
8,3,0.0,0.4,2
8,2,0.0,0.45,2
7,2,0.0,0.35,2
10,3,0.0,0.65,2
7,2,0.0,0.45,1
9,3,0.0,0.45,2
7,2,0.0,0.65,2
9,3,0.0,0.25,0
9,3,0.0,0.45,2
9,2,0.0,0.55,2
7,2,0.0,0.55,2
8,2,0.0,0.55,2
7,2,0.0,0.45,2
9,3,0.0,0.65,2
9,3,0.0,0.45,0
7,2,0.0,0.35,2
7,2,0.0,0.2,2
8,3,0.0,0.2,2
7,2,0.0,0.3,2
10,3,0.0,0.45,2
8,3,0.0,0.5,2
7,2,0.0,0.45,2
8,3,0.0,0.45,2
9,3,0.0,0.35,2
10,3,0.0,0.55,2
5,2,0.0,0.3,2
8,3,0.0,0.3,2
8,3,0.0,0.35,2
9,3,0.0,0.45,2
8,2,0.0,0.45,2
5,2,0.0,0.3,0
7,2,0.0,0.35,2
8,3,0.0,0.4,1
8,3,0.0,0.3,1
6,2,0.0,0.35,1
7,3,0.0,0.2,2
8,2,0.0,0.45,2
8,2,0.0,0.55,1
7,2,0.0,0.4,2
7,2,0.0,0.55,1
8,3,0.0,0.55,2
9,3,0.0,0.45,2
7,2,0.0,0.45,2
8,3,0.0,0.45,2
7,2,0.0,0.6,2
8,2,0.0,0.35,2
8,3,0.0,0.55,2
7,2,0.0,0.55,2
7,2,0.0,0.45,1
9,3,0.0,0.75,2
10,3,0.0,0.65,0
6,2,0.0,0.35,2
9,3,0.0,0.65,2
9,3,0.0,0.45,2
9,3,0.0,0.65,2
8,3,0.0,0.45,2
8,3,0.0,0.35,1
7,2,0.0,0.4,2
7,2,0.0,0.45,2
7,2,0.0,0.55,2
7,3,0.0,0.3,2
9,3,0.0,0.55,2
7,2,0.0,0.45,2
9,3,0.0,0.45,2
9,3,0.0,0.45,2
7,2,0.0,0.35,2
8,3,0.0,0.45,2
8,2,0.0,0.45,2
7,2,0.0,0.4,2
8,3,0.0,0.35,0
9,3,0.0,0.35,2
10,3,0.0,0.35,2
9,2,0.0,0.45,2
9,3,0.0,0.65,2
8,2,0.0,0.75,2
9,3,0.0,0.3,2
8,3,0.0,0.2,2
8,3,0.0,0.55,2
7,2,0.0,0.25,0
5,2,0.0,0.4,0
8,2,0.0,0.55,2
9,3,0.0,0.45,2
9,2,0.0,0.65,2
7,2,0.0,0.5,2
7,1,0.0,0.35,2
7,2,0.0,0.35,0
7,1,0.0,0.45,2
8,3,0.0,0.45,2
5,1,0.0,0.65,1
9,3,0.0,0.55,1
8,2,0.0,0.45,2
9,3,0.0,0.65,2
8,2,0.0,0.4,2
8,2,0.0,0.5,2
8,3,0.0,0.5,2
9,3,0.0,0.65,2
9,3,0.0,0.65,2
8,3,0.0,0.3,2
10,3,0.0,0.45,2
7,3,0.0,0.5,2
7,2,0.0,0.15,1
6,1,0.0,0.4,1
8,2,0.3,0.65,2
9,3,0.0,0.45,2
7,2,0.0,0.45,2
7,2,0.0,0.35,2
10,3,0.0,0.75,2
7,2,0.0,0.55,2
7,2,0.0,0.5,2
7,2,0.0,0.55,2
8,2,0.0,0.55,2
7,2,0.0,0.5,2
8,2,0.0,0.45,2
7,3,0.0,0.65,2
9,3,0.0,0.55,2
8,3,0.0,0.55,2
8,2,0.0,0.45,2
9,3,0.0,0.65,2
8,2,0.0,0.55,2
7,2,0.0,0.55,2
7,3,0.0,0.65,2
7,2,0.0,0.4,1
5,2,0.0,0.4,1
7,2,0.0,0.35,2
7,2,0.0,0.5,2
8,3,0.0,0.35,2
8,3,0.0,0.45,2
9,3,0.0,0.55,2
8,2,0.0,0.55,2
5,2,0.3,0.25,1
6,2,0.0,0.5,2
8,2,0.0,0.45,2
7,2,0.0,0.35,1
9,2,0.0,0.45,2
7,2,0.0,0.45,1
4,1,0.0,0.5,2
9,3,0.0,0.55,2
7,2,0.0,0.35,2
9,3,0.0,0.45,2
8,3,0.0,0.55,2
7,2,0.0,0.45,2
8,2,0.0,0.65,2
9,2,0.0,0.55,2
7,2,0.0,0.3,2
7,2,0.0,0.45,1
7,2,0.0,0.55,1
4,1,0.0,0.05,0
4,1,0.0,0.1,0
4,1,0.0,0.1,0
4,1,0.0,0.05,0
4,1,0.0,0.05,0
8,2,0.0,0.65,2
4,0,0.0,0.05,0
4,1,0.0,0.05,0
4,1,0.0,0.05,0
4,1,0.0,0.1,0
5,1,0.0,0.1,0
4,1,0.0,0.05,0
4,1,0.0,0.05,0
4,1,0.0,0.05,0
4,1,0.0,0.1,0
4,1,0.0,0.05,0
4,1,0.0,0.05,0
4,1,0.0,0.1,0
5,1,0.0,0.1,0
4,1,0.0,0.05,0
4,1,0.0,0.1,0
5,1,0.0,0.1,0
4,1,0.0,0.1,0
4,1,0.0,0.05,0
4,1,0.0,0.1,0
4,0,0.0,0.05,0
9,3,0.0,0.45,2
9,3,0.0,0.25,2
1,0,0.7,0.15,0
4,2,0.0,0.3,1
9,3,0.0,0.55,2
10,3,0.0,0.4,2
9,3,0.0,0.65,2
10,3,0.0,0.35,2
8,3,0.0,0.55,2
8,3,0.0,0.25,2
9,3,0.0,0.55,2
8,2,0.0,0.45,2
9,3,0.0,0.45,2
9,3,0.0,0.35,2
10,3,0.0,0.55,2
9,3,0.0,0.55,2
8,2,0.0,0.25,2
1,0,0.0,0.05,0
8,2,0.3,0.45,2
7,2,0.0,0.45,2
8,3,0.0,0.45,2
8,3,0.0,0.4,1
9,3,0.0,0.55,2
9,3,0.0,0.45,2
8,3,0.0,0.25,2
7,2,0.0,0.2,1
8,3,0.0,0.55,2
9,3,0.3,0.45,2
5,3,0.0,0.05,0
8,3,0.0,0.65,2
9,3,0.0,0.45,2
6,1,0.0,0.1,2
6,2,0.0,0.55,2
8,2,0.0,0.5,2
7,2,0.0,0.35,2
9,3,0.0,0.45,2
5,1,0.0,0.3,0
4,1,0.0,0.05,0
7,2,0.0,0.35,2
5,1,0.0,0.1,0
10,3,0.0,0.45,2
8,3,0.0,0.45,1
6,2,0.0,0.55,2
8,2,0.0,0.45,2
9,3,0.0,0.55,2
8,2,0.0,0.55,2
8,3,0.0,0.3,2
9,2,0.3,0.65,2
7,3,0.0,0.35,2
4,1,0.0,0.05,0
7,2,0.0,0.3,0
8,3,0.0,0.35,2
10,3,0.0,0.75,2
10,3,0.0,0.45,2
8,3,0.0,0.35,0
7,3,0.0,0.3,0
8,3,0.0,0.35,2
8,3,0.0,0.55,2
9,3,0.0,0.45,2
4,1,0.0,0.05,0
4,1,0.0,0.05,0
4,1,0.0,0.05,0
4,1,0.0,0.05,0
4,1,0.0,0.0,0
4,1,0.0,0.1,0
4,1,0.0,0.1,0
3,0,0.0,0.05,0
4,1,0.0,0.1,0
4,1,0.0,0.05,0
4,1,0.0,0.1,0
4,1,0.0,0.05,0
4,1,0.0,0.1,0
4,1,0.0,0.05,0
4,1,0.0,0.1,0
4,1,0.0,0.1,0
4,1,0.0,0.05,0
7,2,0.0,0.3,2
5,2,0.0,0.35,2
8,2,0.0,0.4,2
7,3,0.0,0.05,2
9,3,0.0,0.55,2
8,3,0.0,0.4,2
2,0,0.0,0.15,0
9,3,0.0,0.4,2
7,2,0.0,0.35,2
8,3,0.0,0.35,1
9,3,0.0,0.6,2
9,3,0.0,0.4,2
9,2,0.0,0.4,2
10,3,0.0,0.65,2
10,3,0.0,0.55,2
9,3,0.0,0.5,2
2,0,0.0,0.05,0
7,2,0.0,0.35,2
9,3,0.0,0.35,2
9,3,0.0,0.55,2
10,3,0.0,0.65,2
4,1,0.0,0.1,0
8,3,0.0,0.45,2
9,3,0.0,0.55,2
8,2,0.0,0.45,2
8,3,0.3,0.35,2
9,3,0.0,0.55,2
9,3,0.0,0.45,2
10,3,0.3,0.55,2
10,3,0.0,0.5,2
10,3,0.0,0.55,2
4,1,0.0,0.05,0
10,3,0.0,0.35,2
7,3,0.0,0.1,1
7,2,0.0,0.6,1
9,3,0.0,0.55,2
9,3,0.0,0.55,2
8,2,0.0,0.45,2
8,3,0.0,0.35,2
10,3,0.0,0.45,2
8,2,0.0,0.4,2
1,0,0.0,0.1,0
9,3,0.0,0.45,2
9,3,0.0,0.45,2
7,3,0.0,0.45,1
7,2,0.0,0.55,2
8,3,0.0,0.55,2
9,3,0.3,0.45,2
4,1,0.0,0.05,0
9,3,0.0,0.65,2
9,3,0.0,0.55,2
1,0,0.0,0.1,0
9,3,0.0,0.55,2
9,2,0.0,0.65,2
10,3,0.0,0.65,2
9,3,0.0,0.4,2
10,3,0.0,0.75,2
10,3,0.0,0.55,2
10,3,0.0,0.55,2
9,2,0.0,0.3,2
9,3,0.0,0.45,2
10,3,0.0,0.6,2
5,2,0.7,0.25,1
8,3,0.0,0.5,2
4,1,0.0,0.05,0
4,1,0.0,0.1,0
4,0,0.0,0.05,0
3,0,0.0,0.05,0
9,3,0.0,0.35,2
7,3,0.3,0.45,2
9,3,0.0,0.45,2
10,3,0.0,0.6,2
9,3,0.0,0.35,2
9,3,0.0,0.55,2
7,3,0.0,0.05,0
9,3,0.0,0.45,2
8,3,0.0,0.45,2
4,2,0.0,0.15,0
7,3,0.3,0.45,2
9,3,0.0,0.25,2
10,3,0.0,0.45,2
8,2,0.0,0.65,1
9,3,0.0,0.55,2
9,3,0.0,0.35,0
4,1,0.0,0.5,0
9,3,0.0,0.35,2
7,2,0.0,0.65,2
10,3,0.0,0.55,2
8,3,0.0,0.45,2
10,3,0.0,0.45,2
9,3,0.0,0.4,2
9,3,0.0,0.45,2
9,2,0.0,0.45,2
7,3,0.0,0.35,0
10,3,0.0,0.45,2
10,3,0.0,0.45,2
7,3,0.0,0.3,2
9,3,0.0,0.35,2
8,3,0.0,0.55,2
7,3,0.0,0.3,2
8,3,0.0,0.35,2
8,3,0.0,0.45,2
8,3,0.0,0.45,2
9,3,0.0,0.55,2
10,3,0.0,0.55,2
7,3,0.0,0.55,2
8,3,0.0,0.45,2
8,3,0.0,0.3,2
7,3,0.0,0.1,2
8,3,0.0,0.1,2
8,2,0.0,0.5,2
8,2,0.0,0.15,0
4,1,0.0,0.05,0
7,2,0.0,0.4,2
10,3,0.0,0.45,2
2,1,0.0,0.1,0
9,3,0.0,0.45,2
7,2,0.3,0.45,2
8,3,0.0,0.4,2
7,3,0.0,0.05,0
6,2,0.0,0.4,1
7,3,0.0,0.05,2
8,3,0.0,0.3,2
8,2,0.0,0.5,2
9,3,0.0,0.55,2
9,3,0.0,0.5,2
9,3,0.0,0.55,2
8,2,0.0,0.65,2
3,0,0.0,0.7,2
7,2,0.0,0.2,2
4,1,0.0,0.1,0
10,3,0.0,0.55,2
9,2,0.0,0.45,2
9,2,0.0,0.35,2
9,1,0.0,0.3,2
4,1,0.0,0.1,0
4,1,0.0,0.05,0
9,3,0.0,0.55,2
8,2,0.0,0.6,2
7,2,0.0,0.4,0
6,1,0.0,0.1,0
10,3,0.0,0.65,2
5,1,0.0,0.05,0
7,2,0.0,0.4,1
8,3,0.0,0.4,2
7,3,0.0,0.35,2
7,2,0.0,0.45,2
6,0,1.0,0.4,2
5,2,0.0,0.3,0
9,3,0.0,0.35,2
8,2,0.0,0.45,2
9,3,0.0,0.35,2
5,1,0.0,0.05,0
6,2,0.0,0.45,0
4,2,0.0,0.45,0
7,2,0.0,0.55,2
4,0,0.3,0.4,2
9,3,0.0,0.55,1
2,0,0.7,0.35,0
1,0,0.7,0.3,0
6,1,0.0,0.25,2
10,3,0.0,0.45,2
10,3,0.0,0.65,2
8,3,0.0,0.55,2
7,2,0.0,0.35,1
5,1,0.0,0.1,0
10,3,0.0,0.55,2
7,3,0.0,0.05,2
4,1,0.0,0.05,0
7,3,0.0,0.45,2
8,2,0.0,0.45,2
4,1,0.0,0.25,0
8,2,0.0,0.55,2
9,3,0.0,0.4,2
9,3,0.0,0.45,2
9,3,0.0,0.35,2
9,3,0.0,0.35,2
9,3,0.0,0.45,2
9,3,0.0,0.45,1
9,3,0.0,0.35,2
7,2,0.0,0.45,1
10,3,0.0,0.6,2
9,3,0.0,0.45,2
8,2,0.0,0.55,2
7,3,0.0,0.05,0
10,3,0.0,0.45,2
9,3,0.0,0.05,2
10,3,0.0,0.65,2
7,3,0.0,0.1,0
9,3,0.0,0.05,2
10,3,0.0,0.55,2
7,3,0.0,0.05,2
9,3,0.0,0.45,2
10,3,0.0,0.35,2
9,3,0.0,0.35,2
10,3,0.0,0.45,2
9,3,0.0,0.55,2
9,3,0.0,0.35,2
10,3,0.0,0.58,2
10,3,0.0,0.45,2
10,3,0.0,0.4,2
10,3,0.0,0.45,2
10,3,0.0,0.4,2
9,3,0.0,0.05,2
10,3,0.0,0.4,2
9,3,0.0,0.55,2
10,3,0.0,0.45,2
10,3,0.0,0.4,2
9,3,0.0,0.55,2
9,3,0.0,0.45,2
10,3,0.0,0.4,2
9,3,0.0,0.35,2
9,3,0.0,0.55,2
9,3,0.0,0.05,2
10,3,0.0,0.55,2
9,3,0.0,0.75,2
9,3,0.0,0.45,2
10,3,0.3,0.45,2
10,3,0.0,0.35,2
8,3,0.0,0.6,2
8,3,0.0,0.55,2
5,2,0.0,0.05,0
8,3,0.0,0.5,2
8,3,0.0,0.4,2
7,3,0.0,0.05,2
7,3,0.0,0.05,2
7,3,0.0,0.55,2
8,3,0.0,0.55,2
8,2,0.0,0.55,2
7,3,0.0,0.1,2
7,3,0.0,0.05,2
8,3,0.0,0.45,2
7,3,0.0,0.05,2
7,3,0.3,0.05,2
7,3,0.0,0.05,2
8,1,0.0,0.6,2
8,3,0.0,0.55,2
10,3,0.0,0.3,2
7,3,0.0,0.05,0
5,2,0.0,0.6,0
10,3,0.0,0.35,2
7,3,0.0,0.45,2
9,3,0.0,0.65,2
7,2,0.0,0.4,2
8,3,0.0,0.65,2
7,2,0.0,0.55,2
9,3,0.0,0.35,2
4,2,0.0,0.35,0
7,3,0.0,0.1,2
7,3,0.0,0.05,2
7,3,0.0,0.05,2
10,3,0.0,0.45,2
10,3,0.0,0.55,2
9,3,0.0,0.05,2
9,3,0.0,0.05,2
10,3,0.0,0.55,2
8,3,0.0,0.55,2
4,0,0.0,0.05,0
7,1,0.0,0.4,2
8,3,0.0,0.55,2
9,3,0.0,0.55,2
9,3,0.0,0.45,2
10,3,0.0,0.55,2
10,3,0.3,0.55,2
9,3,0.0,0.45,2
8,3,0.0,0.45,2
6,1,0.0,0.2,2
9,3,0.0,0.65,2
7,3,0.0,0.35,1
10,3,0.0,0.55,2
9,3,0.0,0.65,2
9,3,0.0,0.55,2
4,3,0.0,0.05,0
8,3,0.3,0.45,2
8,3,0.0,0.05,0
9,3,0.0,0.1,0
7,3,0.0,0.1,0
9,3,0.0,0.05,0
7,3,0.0,0.05,0
7,3,0.0,0.05,2
5,3,0.0,0.1,0
9,3,0.0,0.45,1
8,2,0.0,0.6,2
7,3,0.0,0.05,0
9,3,0.0,0.05,0
7,2,0.0,0.35,2
4,1,0.0,0.05,0
7,3,0.0,0.05,0
9,3,0.0,0.45,2
7,3,0.0,0.05,0
7,3,0.0,0.55,0
10,3,0.0,0.55,2
7,3,0.0,0.05,0
9,3,0.0,0.05,1
10,3,0.3,0.5,2
9,3,0.0,0.05,0
9,3,0.0,0.05,2
9,3,0.0,0.65,2
9,3,0.0,0.65,2
9,3,0.0,0.5,2
10,3,0.0,0.35,2
8,2,0.0,0.4,2
8,3,0.0,0.55,2
7,3,0.0,0.45,1
8,3,0.0,0.4,2
9,3,0.0,0.45,0
7,3,0.0,0.05,0
9,3,0.0,0.45,2
4,1,0.0,0.05,0
10,3,0.0,0.5,2
9,3,0.0,0.55,2
8,3,0.0,0.55,2
7,3,0.0,0.05,0
7,3,0.0,0.05,2
8,3,0.0,0.65,2
10,3,0.0,0.55,2
8,3,0.0,0.5,1
10,3,0.0,0.55,2
9,3,0.0,0.65,2
4,1,0.0,0.5,0
9,2,0.0,0.4,2
7,2,0.0,0.3,2
8,3,0.3,0.65,2
7,2,0.0,0.35,1
5,3,0.0,0.2,0
4,3,0.0,0.05,0
10,3,0.0,0.55,2
7,3,0.0,0.25,2
7,3,0.0,0.1,0
8,3,0.0,0.55,2
7,2,0.0,0.3,0
8,3,0.0,0.35,0
8,3,0.0,0.35,0
8,3,0.0,0.45,2
6,2,0.0,0.4,2
7,2,0.0,0.45,2
7,2,0.3,0.35,1
3,0,0.0,0.35,2
4,2,0.0,0.25,0
5,2,0.0,0.35,1
10,3,0.0,0.45,2
9,3,0.0,0.65,2
9,3,0.0,0.05,2
9,3,0.0,0.05,2
4,1,0.0,0.1,0
10,3,0.0,0.55,2
10,3,0.0,0.65,2
6,2,0.0,0.45,2
4,1,0.0,0.05,0
10,3,0.0,0.35,2
4,1,0.0,0.05,0
8,3,0.0,0.45,0
9,3,0.0,0.05,0
7,3,0.0,0.4,0
7,3,0.0,0.05,0
7,3,0.0,0.05,0
7,3,0.0,0.05,0
8,3,0.0,0.45,0
10,3,0.0,0.45,2
6,1,0.0,0.4,2
6,2,0.0,0.35,1
8,3,0.0,0.35,1
8,3,0.0,0.4,0
8,3,0.0,0.55,2
9,3,0.0,0.52,1
8,3,0.0,0.55,2
6,2,0.0,0.45,2
7,3,0.0,0.05,2
4,3,0.3,0.05,2
7,3,0.0,0.1,2
8,3,0.0,0.05,2
9,3,0.0,0.45,2
3,0,0.3,0.4,1
8,3,0.0,0.35,1
10,3,0.0,0.65,2
8,2,0.0,0.55,0
6,2,0.0,0.5,2
7,3,0.0,0.35,1
10,3,0.0,0.65,2
9,3,0.0,0.55,2
9,3,0.0,0.65,2
7,2,0.0,0.5,1
5,2,0.0,0.55,2
3,1,0.0,0.1,0
2,0,0.3,0.4,0
9,3,0.0,0.65,2
8,3,0.0,0.45,2
8,2,0.0,0.4,2
9,3,0.0,0.65,2
7,2,0.0,0.45,2
9,3,0.0,0.65,0
10,3,0.0,0.45,2
10,3,0.0,0.65,2
9,3,0.0,0.45,0
9,3,0.0,0.35,0
8,3,0.0,0.75,2
7,2,0.0,0.45,2
7,2,0.0,0.45,2
8,2,0.0,0.4,2
7,2,0.0,0.35,2
8,3,0.0,0.45,2
8,2,0.0,0.45,2
3,1,0.0,0.3,1
8,3,0.0,0.45,2
5,2,0.0,0.4,1
7,2,0.0,0.35,2
9,3,0.0,0.35,2
9,3,0.0,0.45,2
4,2,0.3,0.25,0
4,2,0.7,0.45,1
9,3,0.0,0.65,0
9,3,0.0,0.55,2
5,1,0.0,0.55,2
8,3,0.0,0.3,1
7,1,0.0,0.2,2
8,3,0.0,0.4,1
9,3,0.0,0.45,2
8,3,0.0,0.4,0
9,2,0.0,0.51,1
9,2,0.0,0.7,2
8,3,0.0,0.55,2
9,3,0.0,0.35,2
9,3,0.0,0.52,2
7,1,0.0,0.35,2
9,1,0.0,0.5,2
10,3,0.0,0.45,2
7,2,0.0,0.35,1
9,3,0.0,0.65,2
9,3,0.0,0.55,2
4,1,0.0,0.15,1
10,3,0.0,0.35,2
7,2,0.0,0.4,2
10,3,0.0,0.55,2
5,2,0.0,0.4,1
7,3,0.0,0.4,0
8,3,0.0,0.45,2
10,3,0.0,0.45,2
4,1,0.0,0.55,2
7,2,0.0,0.3,1
9,3,0.0,0.4,2
8,2,0.0,0.65,2
9,3,0.0,0.35,2
9,3,0.0,0.55,2
4,1,0.0,0.2,0
8,3,0.0,0.45,2
9,3,0.0,0.35,2
6,3,0.0,0.45,2
8,1,0.0,0.3,2
10,3,0.0,0.45,2
8,3,0.0,0.45,0
3,0,0.0,0.35,1
9,3,0.3,0.55,2
10,3,0.0,0.45,2
8,3,0.0,0.55,2
7,2,0.0,0.3,2
6,2,0.0,0.05,2
9,1,0.0,0.85,2
10,3,0.0,0.75,2
7,2,0.0,0.35,2
8,3,0.0,0.35,1
7,3,0.0,0.35,2
9,2,0.0,0.55,0
8,3,0.3,0.65,2
7,3,0.0,0.55,2
9,3,0.0,0.65,2
9,3,0.0,0.65,2
10,3,0.0,0.35,2
9,3,0.0,0.45,2
7,2,0.0,0.4,2
6,2,0.0,0.45,2
7,2,0.0,0.45,1
9,2,0.0,0.35,2
6,1,0.0,0.25,2
7,3,0.0,0.35,1
9,3,0.0,0.75,2
10,3,0.0,0.5,2
7,2,0.0,0.45,2
7,3,0.0,0.35,0
8,3,0.0,0.4,2
8,3,0.0,0.55,2
10,3,0.0,0.55,2
9,2,0.0,0.75,2
7,2,0.0,0.55,2
10,3,0.0,0.55,2
10,3,0.0,0.55,2
8,3,0.0,0.55,2
7,2,0.0,0.65,1
8,3,0.0,0.55,2
10,3,0.0,0.45,2
8,2,0.0,0.75,2
6,1,0.0,0.6,2
8,3,0.0,0.45,2
7,3,0.3,0.4,1
9,3,0.0,0.75,0
9,3,0.0,0.55,2
10,3,0.0,0.7,0
7,2,0.0,0.65,2
10,3,0.0,0.55,2
7,3,0.0,0.35,1
10,3,0.0,0.6,0
8,3,0.0,0.35,1
9,3,0.0,0.45,2
9,3,0.0,0.65,2
9,3,0.0,0.6,2
7,2,0.0,0.55,2
9,3,0.0,0.45,2
10,3,0.0,0.45,2
8,3,0.0,0.35,1
5,1,0.0,0.35,2
8,3,0.0,0.45,1
7,2,0.0,0.45,1
9,3,0.0,0.65,2
7,2,0.0,0.2,2
8,2,0.0,0.4,2
6,2,0.0,0.55,2
7,2,0.0,0.55,2
9,3,0.0,0.4,2
10,3,0.0,0.65,2
8,2,0.0,0.55,2
7,3,0.0,0.35,0
8,3,0.0,0.55,2
4,1,0.0,0.4,2
5,2,0.0,0.45,0
7,1,0.0,0.55,2
9,3,0.0,0.35,2
8,2,0.0,0.55,2
6,1,0.0,0.65,2
4,1,0.0,0.5,0
6,2,0.0,0.55,1
9,3,0.0,0.55,2
8,3,0.0,0.55,2
9,3,0.0,0.35,2
4,1,0.0,0.3,2
1,0,0.0,0.0,0
7,2,0.0,0.5,2
7,3,0.0,0.15,0
8,2,0.0,0.55,2
7,2,0.0,0.35,2
9,3,0.0,0.45,2
10,3,0.0,0.45,2
7,2,0.0,0.45,2
7,2,0.0,0.55,2
9,2,0.0,0.55,2
9,3,0.0,0.45,2
7,3,0.0,0.35,2
9,3,0.0,0.55,2
9,3,0.0,0.4,2
7,2,0.0,0.25,2
8,3,0.0,0.65,2
9,3,0.0,0.55,2
8,3,0.0,0.6,2
9,3,0.0,0.65,2
3,0,0.7,0.4,0
9,3,0.0,0.55,2
8,3,0.0,0.35,2
8,3,0.0,0.25,2
6,1,0.0,0.3,1
9,2,0.0,0.3,2
8,3,0.0,0.45,2
7,2,0.0,0.4,1
4,1,0.0,0.15,0
9,3,0.0,0.4,2
4,1,0.0,0.2,0
8,3,0.0,0.5,2
9,3,0.0,0.55,2
8,3,0.0,0.55,1
8,3,0.0,0.55,1
7,2,0.0,0.45,2
7,2,0.0,0.35,0
8,3,0.0,0.65,2
7,2,0.0,0.45,2
9,3,0.0,0.6,2
10,3,0.0,0.65,2
4,1,0.0,0.5,2
7,1,0.0,0.65,2
5,2,0.0,0.2,1
9,2,0.0,0.45,2
9,3,0.0,0.4,2
7,2,0.0,0.35,2
8,2,0.0,0.4,2
8,2,0.0,0.7,2
7,2,0.0,0.45,2
9,3,0.0,0.55,2
7,2,0.0,0.45,1
9,3,0.0,0.65,2
8,2,0.0,0.55,2
9,3,0.0,0.65,2
6,2,0.0,0.55,2
6,1,0.0,0.45,2
7,1,0.0,0.45,2
9,3,0.0,0.45,2
9,2,0.0,0.65,2
7,2,0.0,0.25,2
8,2,0.0,0.45,2
5,1,0.0,0.05,0
7,2,0.0,0.25,1
6,1,0.0,0.15,1
8,2,0.0,0.45,2
8,2,0.0,0.65,2
7,2,0.0,0.4,2
8,2,0.0,0.4,2
7,2,0.0,0.45,2
9,1,0.0,0.65,2
6,2,0.0,0.35,2
8,2,0.0,0.35,2
7,2,0.0,0.45,1
6,1,0.0,0.45,2
7,2,0.0,0.55,2
7,2,0.0,0.35,2
8,3,0.0,0.4,2
7,2,0.0,0.55,2
9,3,0.0,0.45,2
4,1,0.0,0.1,0
4,1,0.0,0.05,0
1,2,0.0,0.1,0
4,1,0.0,0.05,0
4,2,0.0,0.1,0
5,1,0.0,0.05,0
7,2,0.0,0.45,2
4,1,0.0,0.05,0
7,2,0.0,0.45,2
7,2,0.0,0.45,2
3,0,0.0,0.25,2
7,2,0.0,0.4,2
9,3,0.0,0.55,2
8,2,0.0,0.45,2
4,1,0.0,0.05,0
8,3,0.0,0.55,2
8,2,0.0,0.4,2
7,2,0.0,0.55,0
6,2,0.0,0.35,1
9,3,0.0,0.35,2
9,3,0.0,0.65,2
5,1,0.0,0.5,0
7,2,0.0,0.45,2
8,2,0.0,0.4,1
7,2,0.0,0.45,2
8,2,0.0,0.35,2
9,2,0.0,0.55,2
5,1,0.0,0.35,2
9,3,0.0,0.55,2
7,2,0.0,0.65,1
9,3,0.0,0.65,2
8,2,0.0,0.3,2
8,2,0.0,0.55,2
8,2,0.0,0.45,2
4,1,0.0,0.1,1
7,2,0.0,0.3,1
7,2,0.0,0.45,2
7,2,0.0,0.5,2
7,2,0.0,0.55,2
9,2,0.0,0.35,2
8,2,0.0,0.45,2
7,2,0.3,0.55,1
10,3,0.0,0.45,2
5,1,0.0,0.1,0
9,3,0.0,0.45,2
7,2,0.0,0.35,2
7,2,0.0,0.5,2
4,1,0.0,0.05,0
8,3,0.0,0.45,2
9,3,0.0,0.45,2
7,2,0.0,0.45,2
8,2,0.0,0.55,1
7,2,0.7,0.4,2
9,3,0.0,0.35,2
8,3,0.0,0.45,2
5,1,0.0,0.15,0
7,2,0.0,0.55,2
7,2,0.0,0.4,2
7,3,0.0,0.45,1
8,2,0.0,0.3,2
9,3,0.0,0.55,2
8,2,0.0,0.4,2
8,3,0.0,0.75,2
7,2,0.0,0.45,2
9,2,0.0,0.65,2
6,2,0.0,0.45,2
8,2,0.0,0.55,2
7,2,0.0,0.2,0
9,2,0.0,0.65,2
8,3,0.0,0.35,2
7,3,0.0,0.45,2
7,2,0.0,0.45,2
4,0,0.0,0.05,0
8,3,0.0,0.4,2
8,2,0.0,0.6,2
7,1,0.0,0.4,2
5,0,0.0,0.45,2
7,2,0.0,0.45,2
5,1,0.0,0.3,0
8,2,0.0,0.45,2
8,2,0.0,0.45,2
9,3,0.0,0.55,2
7,2,0.0,0.35,2
7,3,0.0,0.45,2
9,3,0.0,0.45,2
6,2,0.0,0.45,2
9,3,0.0,0.65,2
9,3,0.0,0.65,2
7,2,0.0,0.6,2
8,2,0.0,0.65,2
5,1,0.0,0.05,0
5,1,0.0,0.05,0
7,2,0.0,0.55,2
7,2,0.0,0.55,2
9,3,0.0,0.55,2
8,3,0.0,0.55,2
7,2,0.0,0.35,2
8,2,0.0,0.45,2
8,2,0.0,0.45,2
9,3,0.0,0.45,2
5,1,0.0,0.1,0
10,3,0.0,0.35,2
9,2,0.0,0.45,2
7,2,0.0,0.35,0
8,3,0.3,0.55,2
9,3,0.0,0.45,2
8,3,0.0,0.45,2
4,1,0.0,0.05,0
8,2,0.0,0.55,2
6,2,0.0,0.45,2
4,0,0.0,0.1,0
8,2,0.0,0.55,2
4,1,0.0,0.05,0
9,2,0.0,0.65,2
5,1,0.0,0.1,0
8,3,0.0,0.45,0
8,2,0.0,0.5,2
4,1,0.0,0.1,0
7,2,0.0,0.55,1
7,2,0.0,0.4,2
8,2,0.0,0.35,2
4,1,0.0,0.1,0
10,3,0.0,0.25,2
8,2,0.0,0.4,2
8,2,0.0,0.55,2
7,2,0.0,0.55,2
9,3,0.0,0.75,2
7,2,0.0,0.5,1
9,2,0.0,0.55,2
8,2,0.0,0.5,2
5,1,0.3,0.25,0
7,2,0.0,0.55,2
9,3,0.0,0.45,2
7,2,0.0,0.55,2
10,3,0.0,0.55,2
7,2,0.0,0.55,2
4,1,0.0,0.05,0
8,2,0.0,0.5,2
9,2,0.0,0.65,2
9,2,0.0,0.55,2
7,2,0.0,0.05,2
9,2,0.0,0.6,2
9,3,0.0,0.45,2
4,1,0.0,0.15,2
8,3,0.0,0.4,2
8,2,0.0,0.45,2
4,1,0.0,0.1,2
8,2,0.0,0.75,2
8,2,0.0,0.65,2
4,1,0.0,0.05,0
9,1,0.0,0.5,2
8,2,0.0,0.35,2
8,2,0.0,0.4,2
10,3,0.0,0.65,2
8,3,0.0,0.55,2
7,2,0.0,0.35,2
7,2,0.0,0.35,2
6,2,0.0,0.55,0
7,1,0.0,0.4,2
7,2,0.0,0.55,2
5,2,0.0,0.05,0
5,2,0.0,0.1,0
8,3,0.0,0.35,2
7,2,0.0,0.4,2
7,2,0.0,0.55,1
6,2,0.0,0.5,2
8,2,0.0,0.5,2
7,2,0.0,0.55,2
7,2,0.0,0.45,2
9,2,0.0,0.4,2
7,2,0.0,0.55,2
6,2,0.0,0.3,0
7,2,0.0,0.4,2
8,2,0.0,0.65,2
4,1,0.0,0.05,0
4,1,0.0,0.05,0
4,1,0.0,0.05,0
4,1,0.0,0.05,0
4,1,0.0,0.05,0
4,1,0.0,0.05,0
5,1,0.0,0.05,0
4,1,0.0,0.05,0
8,2,0.0,0.45,2
5,2,0.0,0.3,1
7,2,0.0,0.4,2
7,2,0.0,0.45,1
7,1,0.0,0.45,2
7,2,0.0,0.3,2
6,2,0.0,0.35,2
8,3,0.0,0.45,2
9,3,0.0,0.35,2
7,2,0.0,0.45,2
7,2,0.0,0.35,2
7,2,0.0,0.45,2
6,2,0.0,0.55,2
5,2,0.0,0.35,2
7,2,0.0,0.55,1
8,2,0.0,0.5,2
8,3,0.0,0.55,0
8,3,0.0,0.55,2
7,2,0.0,0.4,2
8,3,0.0,0.4,2
8,3,0.0,0.65,2
8,2,0.0,0.35,2
6,2,0.0,0.05,2
9,3,0.0,0.65,2
5,2,0.0,0.65,2
5,2,0.0,0.65,1
7,2,0.0,0.35,2
5,2,0.0,0.25,2
4,1,0.0,0.1,0
5,0,0.0,0.55,1
7,2,0.0,0.4,2
8,3,0.0,0.65,2
7,2,0.0,0.55,2
7,2,0.0,0.4,1
9,3,0.0,0.35,2
8,2,0.0,0.6,2
10,3,0.0,0.65,2
4,1,0.0,0.05,0
9,3,0.0,0.3,2
5,1,0.0,0.5,0
8,3,0.0,0.45,2
2,1,0.0,0.15,0
9,3,0.0,0.55,2
9,3,0.0,0.55,2
8,2,0.0,0.65,2
10,3,0.0,0.55,2
10,3,0.0,0.75,2
5,2,0.0,0.4,2
6,2,0.3,0.45,1
7,2,0.0,0.3,2
8,2,0.0,0.35,2
8,2,0.0,0.45,2
7,2,0.0,0.3,2
7,2,0.0,0.55,2
5,2,0.0,0.4,1
5,2,0.0,0.4,2
5,2,0.0,0.4,0
7,2,0.0,0.25,2
6,2,0.0,0.35,2
5,2,0.0,0.3,1
7,2,0.0,0.45,2
8,3,0.0,0.55,2
7,2,0.0,0.35,2
6,2,0.0,0.25,2
5,2,0.0,0.25,1
9,3,0.0,0.75,2
8,2,0.0,0.4,1
4,1,0.0,0.05,0
7,2,0.0,0.35,0
7,2,0.0,0.55,2
8,3,0.0,0.6,0
7,2,0.0,0.55,2
6,2,0.0,0.55,1
8,2,0.0,0.6,2
8,2,0.0,0.45,2
8,2,0.0,0.55,2
7,2,0.0,0.45,2
10,3,0.0,0.45,2
7,2,0.0,0.45,2
10,3,0.0,0.45,2
6,1,0.0,0.35,2
7,2,0.0,0.4,2
7,2,0.0,0.45,2
8,3,0.0,0.45,2
10,3,0.0,0.6,2
9,2,0.0,0.45,2
8,3,0.0,0.45,2
8,3,0.0,0.4,2
7,2,0.0,0.45,2
8,3,0.0,0.6,2
8,3,0.0,0.35,2
8,3,0.0,0.5,2
8,2,0.0,0.65,2
8,3,0.0,0.45,2
6,2,0.0,0.45,2
4,1,0.0,0.1,0
9,3,0.0,0.45,2
7,2,0.0,0.4,2
4,1,0.0,0.05,0
7,2,0.0,0.35,2
8,2,0.0,0.45,2
9,3,0.0,0.55,2
8,2,0.0,0.3,2
7,2,0.0,0.45,2
7,2,0.0,0.3,2
7,2,0.0,0.5,2
9,2,0.0,0.45,2
6,2,0.0,0.35,2
8,2,0.0,0.35,2
7,2,0.0,0.4,1
7,2,0.0,0.35,2
7,2,0.0,0.45,2
6,2,0.0,0.55,1
6,1,0.0,0.05,0
7,2,0.0,0.35,2
8,2,0.0,0.3,0
7,2,0.0,0.35,2
8,2,0.0,0.45,2
9,3,0.0,0.55,2
10,3,0.3,0.65,2
7,2,0.3,0.55,2
4,2,0.0,0.15,1
4,2,0.0,0.3,1
7,2,0.0,0.45,2
8,3,0.0,0.55,1
8,2,0.0,0.35,2
8,3,0.0,0.4,2
7,2,0.0,0.55,2
8,3,0.0,0.45,2
8,2,0.0,0.55,2
8,3,0.0,0.35,2
8,2,0.3,0.55,2
8,2,0.0,0.45,2
8,2,0.0,0.35,1
8,2,0.0,0.35,2
7,2,0.0,0.55,2
9,3,0.3,0.45,2
4,1,0.0,0.05,0
7,3,0.0,0.55,1
7,2,0.0,0.45,2
8,2,0.0,0.35,2
8,3,0.0,0.35,1
8,3,0.0,0.35,0
9,2,0.0,0.55,2
7,2,0.0,0.45,2
7,2,0.0,0.45,2
8,3,0.0,0.45,2
7,2,0.0,0.55,2
5,2,0.0,0.3,1
6,2,0.0,0.4,2
4,2,0.0,0.1,0
6,2,0.0,0.55,2
8,2,0.0,0.55,2
7,2,0.0,0.45,2
9,3,0.0,0.35,2
8,2,0.0,0.6,2
8,2,0.0,0.35,2
9,3,0.0,0.55,0
7,2,0.0,0.45,2
9,3,0.0,0.45,2
9,3,0.0,0.45,1
6,2,0.0,0.45,2
7,3,0.0,0.05,0
9,3,0.0,0.5,2
9,3,0.0,0.7,2
10,3,0.0,0.75,2
5,2,0.0,0.05,0
7,2,0.0,0.35,2
6,2,0.0,0.4,1
4,1,0.0,0.05,0
9,3,0.0,0.65,2
4,1,0.0,0.05,0
7,2,0.0,0.45,2
8,2,0.0,0.45,2
7,2,0.0,0.55,1
7,2,0.0,0.6,2
8,2,0.0,0.55,2
10,3,0.0,0.45,2
9,2,0.0,0.65,2
9,3,0.0,0.45,2
4,1,0.0,0.05,0
9,3,0.3,0.55,2
7,2,0.0,0.65,2
8,2,0.0,0.45,2
7,3,0.0,0.65,2
7,2,0.0,0.4,2
9,3,0.0,0.4,2
9,2,0.0,0.35,2
8,2,0.0,0.45,2
8,2,0.0,0.5,2
7,1,0.0,0.3,2
10,3,0.0,0.55,2
7,2,0.0,0.45,2
7,2,0.0,0.45,2
8,1,0.0,0.65,2
9,3,0.0,0.55,2
7,2,0.0,0.3,2
7,2,0.0,0.65,2
8,2,0.0,0.55,2
9,3,0.0,0.35,2
8,2,0.0,0.65,2
8,2,0.0,0.45,2
8,3,0.0,0.45,2
9,3,0.0,0.65,2
7,2,0.0,0.4,2
8,3,0.0,0.45,2
8,1,0.0,0.65,2
8,2,0.0,0.45,2
7,2,0.0,0.35,2
7,1,0.0,0.55,2
4,1,0.0,0.1,1
7,2,0.0,0.4,2
9,3,0.0,0.45,2
8,3,0.0,0.75,2
9,2,0.0,0.75,2
8,3,0.0,0.45,2
4,2,0.0,0.4,2
9,3,0.0,0.45,2
4,1,0.0,0.05,0
4,1,0.0,0.05,2
8,2,0.0,0.35,2
7,3,0.0,0.45,1
8,0,0.0,0.4,2
7,2,0.0,0.55,2
8,2,0.0,0.4,2
8,2,0.0,0.35,2
8,2,0.0,0.45,2
8,2,0.0,0.3,2
6,1,0.0,0.35,0
8,3,0.0,0.35,2
8,2,0.0,0.3,2
8,2,0.0,0.65,2
9,3,0.0,0.5,2
5,1,0.0,0.1,0
7,2,0.0,0.35,2
9,3,0.0,0.45,2
7,2,0.0,0.4,1
9,3,0.0,0.55,2
9,3,0.0,0.45,1
7,2,0.0,0.35,2
7,2,0.0,0.4,2
8,2,0.0,0.3,1
9,3,0.0,0.45,2
8,2,0.0,0.55,1
9,2,0.0,0.7,2
9,3,0.0,0.45,2
4,1,0.0,0.0,0
7,2,0.0,0.35,2
5,2,0.0,0.45,1
7,2,0.0,0.45,2
7,2,0.0,0.45,2
9,2,0.0,0.75,2
8,2,0.0,0.55,2
7,2,0.0,0.45,2
7,2,0.0,0.45,2
5,2,0.0,0.2,2
8,2,0.0,0.45,2
8,2,0.0,0.35,2
9,3,0.0,0.65,2
7,2,0.0,0.35,2
7,2,0.0,0.5,2
9,3,0.0,0.65,2
6,2,0.0,0.45,2
8,2,0.0,0.45,2
2,1,0.0,0.15,0
7,2,0.0,0.35,0
8,2,0.0,0.45,2
8,3,0.3,0.45,2
9,2,0.0,0.65,2
5,1,0.0,0.5,0
6,2,0.0,0.4,1
7,2,0.0,0.35,1
8,2,0.0,0.45,2
8,2,0.0,0.55,2
8,3,0.0,0.15,2
7,2,0.0,0.55,0
7,3,0.3,0.5,0
9,3,0.0,0.65,2
7,2,0.0,0.58,2
9,2,0.0,0.35,2
9,2,0.0,0.65,2
10,3,0.0,0.75,2
7,2,0.0,0.45,2
9,2,0.0,0.55,2
8,2,0.0,0.55,2
9,3,0.0,0.55,2
9,2,0.0,0.45,2
9,3,0.0,0.4,2
9,3,0.0,0.45,2
8,2,0.0,0.45,2
9,3,0.0,0.55,2
9,3,0.0,0.45,0
7,2,0.0,0.55,2
10,3,0.0,0.65,2
8,2,0.0,0.4,2
7,2,0.3,0.5,2
7,3,0.0,0.55,2
7,2,0.3,0.4,2
7,2,0.0,0.55,2
7,2,0.0,0.45,2
8,2,0.0,0.6,2
7,2,0.0,0.55,2
7,2,0.0,0.45,2
9,3,0.0,0.55,2
7,2,0.0,0.55,2
10,3,0.0,0.65,2
4,1,0.0,0.05,0
7,2,0.0,0.45,2
7,2,0.0,0.75,2
8,2,0.0,0.4,2
9,3,0.0,0.55,2
5,3,0.0,0.05,0
9,3,0.0,0.45,2
7,2,0.0,0.55,2
8,2,0.0,0.45,2
8,3,0.0,0.4,2
8,2,0.0,0.45,2
7,2,0.0,0.35,1
4,2,0.0,0.55,0
8,2,0.3,0.5,2
8,2,0.0,0.45,2
7,2,0.0,0.3,2
7,2,0.0,0.35,2
8,2,0.0,0.45,2
7,2,0.0,0.4,2
7,2,0.0,0.18,1
7,2,0.0,0.35,2
8,2,0.0,0.45,2
6,2,0.0,0.45,2
8,2,0.0,0.5,2
7,2,0.0,0.45,2
4,1,0.0,0.35,0
4,1,0.0,0.05,0
9,3,0.0,0.35,2
8,3,0.0,0.55,2
7,2,0.0,0.55,2
9,2,0.0,0.45,2
8,2,0.0,0.55,2
7,2,0.0,0.65,2
7,3,0.0,0.05,2
9,2,0.0,0.4,2
9,3,0.0,0.35,2
10,3,0.0,0.4,2
9,2,0.0,0.55,2
9,3,0.0,0.55,2
10,3,0.0,0.55,2
9,3,0.0,0.4,2
9,3,0.0,0.65,2
10,3,0.0,0.55,2
8,3,0.0,0.55,2
8,2,0.0,0.35,2
8,2,0.0,0.45,2
8,2,0.0,0.3,2
2,1,0.0,0.15,0
3,1,0.3,0.1,0
7,2,0.0,0.4,2
7,2,0.0,0.55,2
1,0,0.0,0.1,0
9,3,0.0,0.75,2
7,2,0.0,0.2,1
5,1,0.0,0.05,0
7,2,0.0,0.45,2
7,2,0.0,0.25,2
7,2,0.0,0.35,1
5,2,0.0,0.1,0
7,2,0.0,0.35,1
6,2,0.0,0.1,0
6,2,0.0,0.4,1
8,3,0.0,0.5,2
7,3,0.0,0.1,0
7,2,0.0,0.4,1
8,2,0.0,0.55,2
8,2,0.0,0.6,2
10,3,0.0,0.45,2
9,3,0.0,0.65,2
8,2,0.0,0.4,2
8,2,0.0,0.55,2
8,2,0.0,0.45,2
7,2,0.0,0.55,2
8,3,0.0,0.4,2
8,2,0.0,0.65,2
1,0,0.0,0.1,0
8,2,0.0,0.45,2
4,1,0.0,0.25,2
9,2,0.0,0.3,2
4,2,0.0,0.05,0
9,3,0.0,0.35,2
10,3,0.0,0.4,2
8,2,0.0,0.4,2
9,3,0.3,0.55,2
8,2,0.3,0.65,2
8,2,0.0,0.65,2
6,2,0.0,0.38,2
9,3,0.0,0.55,2
7,2,0.0,0.45,2
8,3,0.0,0.55,2
10,3,0.0,0.55,2
8,2,0.0,0.45,2
9,3,0.3,0.55,2
10,3,0.0,0.65,2
7,2,0.3,0.55,2
9,3,0.0,0.55,2
7,2,0.0,0.4,2
9,3,0.0,0.45,2
10,3,0.0,0.45,2
9,3,0.0,0.45,2
8,3,0.0,0.35,1
8,2,0.0,0.6,2
4,1,0.0,0.1,0
5,1,0.0,0.45,2
9,2,0.0,0.45,2
9,3,0.0,0.55,2
8,3,0.0,0.45,2
8,3,0.0,0.45,2
8,3,0.0,0.35,2
9,3,0.0,0.55,2
5,1,0.7,0.35,1
7,2,0.0,0.45,1
9,3,0.0,0.45,0
8,2,0.7,0.4,2
8,2,0.0,0.5,2
7,2,0.0,0.45,2
9,3,0.0,0.65,2
8,3,0.0,0.35,2
9,3,0.0,0.5,2
9,3,0.0,0.45,2
8,3,0.0,0.45,1
8,3,0.0,0.45,2
4,2,0.0,0.25,1
7,2,0.0,0.45,2
7,2,0.0,0.35,2
7,2,0.0,0.4,2
4,1,0.0,0.1,0
8,2,0.0,0.35,2
9,3,0.0,0.3,2
8,3,0.0,0.45,1
4,1,0.0,0.1,0
8,2,0.0,0.65,2
8,2,0.0,0.6,2
4,1,0.0,0.05,0
9,3,0.0,0.35,2
7,2,0.0,0.45,2
8,3,0.0,0.5,2
6,3,0.0,0.1,0
8,3,0.0,0.4,0
8,2,0.0,0.55,2
2,0,0.0,0.1,0
10,3,0.0,0.45,2
9,2,0.0,0.55,2
9,3,0.0,0.7,2
8,3,0.0,0.55,2
6,1,0.0,0.5,1
5,2,0.0,0.3,2
4,1,0.0,0.1,0
7,2,0.0,0.35,2
8,3,0.0,0.45,1
9,3,0.0,0.45,2
7,2,0.0,0.45,2
8,2,0.0,0.6,2
8,2,0.0,0.55,2
4,1,0.0,0.0,0
8,3,0.0,0.55,2
7,2,0.0,0.45,2
8,2,0.0,0.45,2
8,3,0.0,0.35,2
8,3,0.0,0.45,2
8,2,0.0,0.45,2
9,3,0.0,0.35,2
7,2,0.0,0.55,2
7,0,0.0,0.65,2
8,2,0.0,0.45,2
9,3,0.0,0.65,2
8,2,0.0,0.45,2
8,3,0.0,0.45,2
7,2,0.0,0.35,0
4,1,0.0,0.05,0
8,2,0.0,0.45,2
10,3,0.0,0.45,2
